id,title,artist,rights,genre,Department,tags,notes
44610,"一の谷合戦図屏風|The Battle at Ichinotani, from The Tale of the Heike (Heike monogatari)",Unknown,CC0-1.0,Paintings,Asian Art,,"Screen; Japan; Edo period (1615–1868); One of a pair of six-panel folding screens; ink, color, gold, and gold leaf on paper; 68 3/4 in. × 11 ft. 1 1/4 in. (174.6 × 338.5 cm); 17th century; Asian Art; 一の谷合戦図屏風|The Battle at Ichinotani, from The Tale of the Heike (Heike monogatari) is a Edo period (1615–1868) Screen by the Japan artist.This piece, part of the Asian Art collection, is crafted using One of a pair of six-panel folding screens; ink, color, gold, and gold leaf on paper. Measuring 68 3/4 in. × 11 ft. 1 1/4 in. (174.6 × 338.5 cm), the work is classified as Paintings and was created in 17th century."
75011,Unknown,Unknown,CC0-1.0,Paintings,Asian Art,,"Folio; India (Gujarat); Unknown; Ink, opaque watercolor, and gold on paper; 4 3/8 x 10 5/8 in. (11.1 x 27 cm); 15th century; Asian Art; Unknown is a Unknown Folio by the India (Gujarat) artist.This piece, part of the Asian Art collection, is crafted using Ink, opaque watercolor, and gold on paper. Measuring 4 3/8 x 10 5/8 in. (11.1 x 27 cm), the work is classified as Paintings and was created in 15th century."
75053,Unknown,Unknown,CC0-1.0,Paintings,Asian Art,,"Folio; India (Gujarat); Unknown; Ink, opaque watercolor, and gold on paper; 4 3/8 x 10 5/8 in. (11.1 x 27 cm); 15th century; Asian Art; Unknown is a Unknown Folio by the India (Gujarat) artist.This piece, part of the Asian Art collection, is crafted using Ink, opaque watercolor, and gold on paper. Measuring 4 3/8 x 10 5/8 in. (11.1 x 27 cm), the work is classified as Paintings and was created in 15th century."
49471,清  任預  石室參禪圖  軸|Meditation in a Cave,Ren Yu,CC0-1.0,Paintings,Asian Art,,"Hanging scroll; China; Qing dynasty (1644–1911); Hanging scroll; ink and color on paper; 44 7/8 x 15 3/8 in. (114.0 x 39.1 cm); Unknown; Asian Art; 清  任預  石室參禪圖  軸|Meditation in a Cave is a Qing dynasty (1644–1911) Hanging scroll by the China artist Ren Yu. This piece, part of the Asian Art collection, is crafted using Hanging scroll; ink and color on paper. Measuring 44 7/8 x 15 3/8 in. (114.0 x 39.1 cm), the work is classified as Paintings ."
51866,Unknown,Unidentified artist,CC0-1.0,Paintings,Asian Art,,"Album leaf; China; Qing dynasty (1644–1911); Leaf from an album; ink on paper; H. 9 11/16 in. (24.6 cm); W. 12 in. (30.5 cm); 20th century; Asian Art; Unknown is a Qing dynasty (1644–1911) Album leaf by the China artist Unidentified artist. This piece, part of the Asian Art collection, is crafted using Leaf from an album; ink on paper. Measuring H. 9 11/16 in. (24.6 cm); W. 12 in. (30.5 cm), the work is classified as Paintings and was created in 20th century."
75041,Unknown,Unknown,CC0-1.0,Paintings,Asian Art,,"Folio; India (Gujarat); Unknown; Ink, opaque watercolor, and gold on paper; 4 3/8 x 10 5/8 in. (11.1 x 27 cm); 15th century; Asian Art; Unknown is a Unknown Folio by the India (Gujarat) artist.This piece, part of the Asian Art collection, is crafted using Ink, opaque watercolor, and gold on paper. Measuring 4 3/8 x 10 5/8 in. (11.1 x 27 cm), the work is classified as Paintings and was created in 15th century."
57240,Unknown,Hokusai School,CC0-1.0,Paintings,Asian Art,,"Painting; Japan; Edo period (1615–1868); Unmounted painting; ink and watercolor on paper; 11 x 16 in. (27.9 x 40.6 cm); 19th century; Asian Art; Unknown is a Edo period (1615–1868) Painting by the Japan artist Hokusai School. This piece, part of the Asian Art collection, is crafted using Unmounted painting; ink and watercolor on paper. Measuring 11 x 16 in. (27.9 x 40.6 cm), the work is classified as Paintings and was created in 19th century."
853223,白雲紅樹 (Hakuun kōju)|White Clouds and Crimson Trees,Tanomura Chokunyū 田能村直入,CC0-1.0,Paintings,Asian Art,,"Hanging scroll; Japan; Meiji period (1868–1912); Hanging scroll; ink and color on silk; Image: 58 3/8 × 20 in. (148.3 × 50.8 cm)
Overall with mounting: 91 × 25 7/8 in. (231.1 × 65.7 cm)
Overall with knobs: 91 × 28 1/2 in. (231.1 × 72.4 cm); 1888; Asian Art; 白雲紅樹 (Hakuun kōju)|White Clouds and Crimson Trees is a Meiji period (1868–1912) Hanging scroll by the Japan artist Tanomura Chokunyū 田能村直入. This piece, part of the Asian Art collection, is crafted using Hanging scroll; ink and color on silk. Measuring Image: 58 3/8 × 20 in. (148.3 × 50.8 cm)
Overall with mounting: 91 × 25 7/8 in. (231.1 × 65.7 cm)
Overall with knobs: 91 × 28 1/2 in. (231.1 × 72.4 cm), the work is classified as Paintings and was created in 1888."
40430,Unknown,Unidentified artist,CC0-1.0,Paintings,Asian Art,,"Album leaf; Korea; Joseon dynasty (1392–1910); Album leaf; ink and color on paper; 20 7/8 x 10 15/16 in. (53 x 27.8 cm); 19th century; Asian Art; Unknown is a Joseon dynasty (1392–1910) Album leaf by the Korea artist Unidentified artist. This piece, part of the Asian Art collection, is crafted using Album leaf; ink and color on paper. Measuring 20 7/8 x 10 15/16 in. (53 x 27.8 cm), the work is classified as Paintings and was created in 19th century."
51307,Unknown,Wu Zhen|Unidentified artist,CC0-1.0,Paintings,Asian Art,,"Handscroll; China; Ming dynasty (1368–1644) (?); Handscroll; ink on silk; 13 1/2 in. × 17 ft. 3 3/4 in. (34.3 × 527.7 cm); Unknown; Asian Art; Unknown is a Ming dynasty (1368–1644) (?) Handscroll by the China artist Wu Zhen|Unidentified artist. This piece, part of the Asian Art collection, is crafted using Handscroll; ink on silk. Measuring 13 1/2 in. × 17 ft. 3 3/4 in. (34.3 × 527.7 cm), the work is classified as Paintings ."
45770,Unknown,Kawamata Tsunemasa,CC0-1.0,Paintings,Asian Art,,"Hanging scroll; Japan; Edo period (1615–1868); Hanging scroll; ink, color, and gold on silk; 33 3/4 x 10 5/8 in. (85.7 x 27 cm); first half of the 18th century; Asian Art; Unknown is a Edo period (1615–1868) Hanging scroll by the Japan artist Kawamata Tsunemasa. This piece, part of the Asian Art collection, is crafted using Hanging scroll; ink, color, and gold on silk. Measuring 33 3/4 x 10 5/8 in. (85.7 x 27 cm), the work is classified as Paintings and was created in first half of the 18th century."
37973,Unknown,Unknown,CC0-1.0,Paintings,Asian Art,,"Folio; India (Rajasthan, Mewar); Unknown; Ink, opaque watercolor, and gold on paper; 9 7/16 x 10 7/8 in. (24 x 27.6 cm); ca. 1715–20; Asian Art; Unknown is a Unknown Folio by the India (Rajasthan, Mewar) artist.This piece, part of the Asian Art collection, is crafted using Ink, opaque watercolor, and gold on paper. Measuring 9 7/16 x 10 7/8 in. (24 x 27.6 cm), the work is classified as Paintings and was created in ca. 1715–20."
37818,Unknown,Unknown,CC0-1.0,Paintings,Asian Art,,"Hanging scroll; Tibet; Unknown; Hanging scroll; color and gold on cloth; Image: 9 3/8 × 6 1/2 in. (23.8 × 16.5 cm)
Overall with mounting: 20 3/4 × 11 in. (52.7 × 27.9 cm); 17th century; Asian Art; Unknown is a Unknown Hanging scroll by the Tibet artist.This piece, part of the Asian Art collection, is crafted using Hanging scroll; color and gold on cloth. Measuring Image: 9 3/8 × 6 1/2 in. (23.8 × 16.5 cm)
Overall with mounting: 20 3/4 × 11 in. (52.7 × 27.9 cm), the work is classified as Paintings and was created in 17th century."
671048,Unknown,Hine Taizan,CC0-1.0,Paintings,Asian Art,,"Hanging scroll; Japan; Edo period (1615–1868); Hanging scroll; ink and color on silk; Image: 53 15/16 × 20 3/16 in. (137 × 51.3 cm)
Overall with mounting: 88 × 26 11/16 in. (223.5 × 67.8 cm)
Overall with knobs: 88 × 30 1/2 in. (223.5 × 77.5 cm); 1859; Asian Art; Unknown is a Edo period (1615–1868) Hanging scroll by the Japan artist Hine Taizan. This piece, part of the Asian Art collection, is crafted using Hanging scroll; ink and color on silk. Measuring Image: 53 15/16 × 20 3/16 in. (137 × 51.3 cm)
Overall with mounting: 88 × 26 11/16 in. (223.5 × 67.8 cm)
Overall with knobs: 88 × 30 1/2 in. (223.5 × 77.5 cm), the work is classified as Paintings and was created in 1859."
45800,Unknown,Kubo Shunman,CC0-1.0,Paintings,Asian Art,,"Painting; Japan; Edo period (1615–1868); Ink and color on silk; 29 7/8 x 11 11/16 in. (75.9 x 29.7 cm); dated 1780; Asian Art; Unknown is a Edo period (1615–1868) Painting by the Japan artist Kubo Shunman. This piece, part of the Asian Art collection, is crafted using Ink and color on silk. Measuring 29 7/8 x 11 11/16 in. (75.9 x 29.7 cm), the work is classified as Paintings and was created in dated 1780."
53446,勝川春章筆　立姿美人図|Woman in a Black Kimono,Katsukawa Shunshō 勝川春章,CC0-1.0,Paintings,Asian Art,,"Hanging scroll; Japan; Edo period (1615–1868); Hanging scroll; ink, color, and gold on silk; Image: 33 1/2 × 11 1/4 in. (85.1 × 28.6 cm)
Overall with mounting: 67 11/16 × 15 7/8 in. (172 × 40.4 cm)
Overall with knobs: 67 11/16 × 17 13/16 in. (172 × 45.2 cm); 1783–89; Asian Art; 勝川春章筆　立姿美人図|Woman in a Black Kimono is a Edo period (1615–1868) Hanging scroll by the Japan artist Katsukawa Shunshō 勝川春章. This piece, part of the Asian Art collection, is crafted using Hanging scroll; ink, color, and gold on silk. Measuring Image: 33 1/2 × 11 1/4 in. (85.1 × 28.6 cm)
Overall with mounting: 67 11/16 × 15 7/8 in. (172 × 40.4 cm)
Overall with knobs: 67 11/16 × 17 13/16 in. (172 × 45.2 cm), the work is classified as Paintings and was created in 1783–89."
42616,Unknown,Suzuki Kiitsu|Ogata Kōrin,CC0-1.0,Paintings,Asian Art,,"Hanging scroll; Japan; Edo period (1615–1868); Hanging scroll; ink, color and gold pigment on paper; Image (drawing): 11 3/8 × 15 in. (28.9 × 38.1 cm)
Image (painting): 31 × 18 3/8 in. (78.7 × 46.7 cm); early 18th century (drawing); early 19th century (painting); Asian Art; Unknown is a Edo period (1615–1868) Hanging scroll by the Japan artist Suzuki Kiitsu|Ogata Kōrin. This piece, part of the Asian Art collection, is crafted using Hanging scroll; ink, color and gold pigment on paper. Measuring Image (drawing): 11 3/8 × 15 in. (28.9 × 38.1 cm)
Image (painting): 31 × 18 3/8 in. (78.7 × 46.7 cm), the work is classified as Paintings and was created in early 18th century (drawing); early 19th century (painting)."
57308,Unknown,Hokusai School,CC0-1.0,Paintings,Asian Art,,"Painting; Japan; Edo period (1615–1868); Unmounted painting; ink and watercolor on paper; 13 1/4 x 9 5/8 in. (33.7 x 24.4 cm); 19th century; Asian Art; Unknown is a Edo period (1615–1868) Painting by the Japan artist Hokusai School. This piece, part of the Asian Art collection, is crafted using Unmounted painting; ink and watercolor on paper. Measuring 13 1/4 x 9 5/8 in. (33.7 x 24.4 cm), the work is classified as Paintings and was created in 19th century."
57180,田崎草雲筆　養老の滝|Yōrō Waterfall,Tazaki Sōun,CC0-1.0,Paintings,Asian Art,,"Hanging scroll; Japan; Meiji period (1868–1912); Hanging scroll; ink and color on silk; 38 3/8 x 13 in. (97.5 x 33 cm); dated 1887; Asian Art; 田崎草雲筆　養老の滝|Yōrō Waterfall is a Meiji period (1868–1912) Hanging scroll by the Japan artist Tazaki Sōun. This piece, part of the Asian Art collection, is crafted using Hanging scroll; ink and color on silk. Measuring 38 3/8 x 13 in. (97.5 x 33 cm), the work is classified as Paintings and was created in dated 1887."
74847,Unknown,Unknown,CC0-1.0,Paintings,Asian Art,,"Folio; India (Bengal) or Bangladesh; Pala period; Ink and color on palm leaf; H. 2 3/16 in. (5.6 cm); L. 22 3/16 in. (56.4 cm); ca. 1090; Asian Art; Unknown is a Pala period Folio by the India (Bengal) or Bangladesh artist.This piece, part of the Asian Art collection, is crafted using Ink and color on palm leaf. Measuring H. 2 3/16 in. (5.6 cm); L. 22 3/16 in. (56.4 cm)


, the work is classified as Paintings and was created in ca. 1090."
48985,"月に兎・牡丹・立葵図|Rabbits under the Moon, Peonies, and Hollyhocks",Ogata Kōrin,CC0-1.0,Paintings,Asian Art,,"Painting; Japan; Edo period (1615–1868); Set of three matted paintings; ink and color on paper; 39 7/16 x 14 3/16 in. (100.2 x 36 cm); 19th century; Asian Art; 月に兎・牡丹・立葵図|Rabbits under the Moon, Peonies, and Hollyhocks is a Edo period (1615–1868) Painting by the Japan artist Ogata Kōrin. This piece, part of the Asian Art collection, is crafted using Set of three matted paintings; ink and color on paper. Measuring 39 7/16 x 14 3/16 in. (100.2 x 36 cm), the work is classified as Paintings and was created in 19th century."
36051,Unknown,Ma Shida,CC0-1.0,Paintings,Asian Art,,"Hanging scroll; China; Ming dynasty (1368–1644); Hanging scroll; ink on paper; Overall: 43 3/8 x 18 3/8 in. (110.2 x 46.7 cm)
Overall with mounting: 24 1/2 in. (62.2 cm); Unknown; Asian Art; Unknown is a Ming dynasty (1368–1644) Hanging scroll by the China artist Ma Shida. This piece, part of the Asian Art collection, is crafted using Hanging scroll; ink on paper. Measuring Overall: 43 3/8 x 18 3/8 in. (110.2 x 46.7 cm)
Overall with mounting: 24 1/2 in. (62.2 cm), the work is classified as Paintings ."
37812,Unknown,Unknown,CC0-1.0,Paintings,Asian Art,,"Folio; India (Delhi Agra area); Unknown; Ink and opaque watercolor on paper; 6 7/16 x 9 1/8 in. (16.4 x 23.2 cm); ca. 1520–40; Asian Art; Unknown is a Unknown Folio by the India (Delhi Agra area) artist.This piece, part of the Asian Art collection, is crafted using Ink and opaque watercolor on paper. Measuring 6 7/16 x 9 1/8 in. (16.4 x 23.2 cm), the work is classified as Paintings and was created in ca. 1520–40."
37801,Unknown,Unknown,CC0-1.0,Paintings,Asian Art,,"Painting; Eastern Tibet, Kham, Riwoche monastery; Unknown; Distemper on cloth; 27 x 21 1/2 in. (68.6 x 54.6 cm); ca. 1350; Asian Art; Unknown is a Unknown Painting by the Eastern Tibet, Kham, Riwoche monastery artist.This piece, part of the Asian Art collection, is crafted using Distemper on cloth. Measuring 27 x 21 1/2 in. (68.6 x 54.6 cm), the work is classified as Paintings and was created in ca. 1350."
816206,唐美人図  (Tō bijin zu)|Chinese Beauty,Yokoi Kinkoku  横井金谷,CC0-1.0,Paintings,Asian Art,,"Hanging scroll; Japan; Edo period (1615–1868); Hanging scroll; ink and color on silk; Image: 44 1/16 × 14 1/16 in. (111.9 × 35.7 cm)
Overall with mounting: 76 3/16 × 18 11/16 in. (193.5 × 47.5 cm)
Overall with knobs: 76 3/16 × 20 7/8 in. (193.5 × 53 cm); 8th month, 1797; Asian Art; 唐美人図  (Tō bijin zu)|Chinese Beauty is a Edo period (1615–1868) Hanging scroll by the Japan artist Yokoi Kinkoku  横井金谷. This piece, part of the Asian Art collection, is crafted using Hanging scroll; ink and color on silk. Measuring Image: 44 1/16 × 14 1/16 in. (111.9 × 35.7 cm)
Overall with mounting: 76 3/16 × 18 11/16 in. (193.5 × 47.5 cm)
Overall with knobs: 76 3/16 × 20 7/8 in. (193.5 × 53 cm), the work is classified as Paintings and was created in 8th month, 1797."
54567,竹に翡翠図|Kingfisher and Bamboo,Sesshū Tōyō 雪舟等楊,CC0-1.0,Paintings,Asian Art,,"Painting; Japan; Edo (1615–1868)–Meiji (1868–1912) period; Hanging scroll; ink on paper; Image: 10 1/2 × 15 3/4 in. (26.7 × 40 cm)
Overall with mounting: 45 × 20 5/8 in. (114.3 × 52.4 cm)
Overall with knobs: 45 in. × 22 3/8 in. × 1 in (diam. of knobs) . (114.3 × 56.8 × 2.5 cm); 19th century; Asian Art; 竹に翡翠図|Kingfisher and Bamboo is a Edo (1615–1868)–Meiji (1868–1912) period Painting by the Japan artist Sesshū Tōyō 雪舟等楊. This piece, part of the Asian Art collection, is crafted using Hanging scroll; ink on paper. Measuring Image: 10 1/2 × 15 3/4 in. (26.7 × 40 cm)
Overall with mounting: 45 × 20 5/8 in. (114.3 × 52.4 cm)
Overall with knobs: 45 in. × 22 3/8 in. × 1 in (diam. of knobs) . (114.3 × 56.8 × 2.5 cm), the work is classified as Paintings and was created in 19th century."
51535,Unknown,Unidentified artist|Qiu Ying,CC0-1.0,Paintings,Asian Art,,"Handscroll; China; Ming (1368–1644) or Qing dynasty (1644–1911); Handscroll; ink and color on silk; H. 12 3/8 in. (31.4 cm); ca. 1530; Asian Art; Unknown is a Ming (1368–1644) or Qing dynasty (1644–1911) Handscroll by the China artist Unidentified artist|Qiu Ying. This piece, part of the Asian Art collection, is crafted using Handscroll; ink and color on silk. Measuring H. 12 3/8 in. (31.4 cm), the work is classified as Paintings and was created in ca. 1530."
40311,元/明 倣錢選 鮮于樞 歸去來辭 卷|Ode on Returning Home,Qian Xuan,CC0-1.0,Paintings,Asian Art,,"Handscroll; China; Unknown; Handscroll; ink, color, and gold on paper; Image: 42 x 10 1/4 in. (106.7 x 26 cm)
Overall with mounting: 12 1/4 in. x 13 ft. 6 in. (31.1 x 411.5 cm); 14th–15th century; Asian Art; 元/明 倣錢選 鮮于樞 歸去來辭 卷|Ode on Returning Home is a Unknown Handscroll by the China artist Qian Xuan. This piece, part of the Asian Art collection, is crafted using Handscroll; ink, color, and gold on paper. Measuring Image: 42 x 10 1/4 in. (106.7 x 26 cm)
Overall with mounting: 12 1/4 in. x 13 ft. 6 in. (31.1 x 411.5 cm), the work is classified as Paintings and was created in 14th–15th century."
40276,南宋  佚名  騎驢圖  軸|Chan master riding a mule,Unidentified artist,CC0-1.0,Paintings,Asian Art,,"Hanging scroll; China; Southern Song dynasty (1127–1279); Hanging scroll; ink on paper; Image: 25 1/4 in. × 13 in. (64.1 × 33 cm)
Overall with mounting: 58 1/4 × 13 1/2 in. (148 × 34.3 cm)
Overall with knobs: 58 1/4 × 15 1/4 in. (148 × 38.7 cm); before 1249; Asian Art; 南宋  佚名  騎驢圖  軸|Chan master riding a mule is a Southern Song dynasty (1127–1279) Hanging scroll by the China artist Unidentified artist. This piece, part of the Asian Art collection, is crafted using Hanging scroll; ink on paper. Measuring Image: 25 1/4 in. × 13 in. (64.1 × 33 cm)
Overall with mounting: 58 1/4 × 13 1/2 in. (148 × 34.3 cm)
Overall with knobs: 58 1/4 × 15 1/4 in. (148 × 38.7 cm), the work is classified as Paintings and was created in before 1249."
75012,Unknown,Unknown,CC0-1.0,Paintings,Asian Art,,"Folio; India (Gujarat); Unknown; Ink, opaque watercolor, and gold on paper; 4 3/8 x 10 5/8 in. (11.1 x 27 cm); 15th century; Asian Art; Unknown is a Unknown Folio by the India (Gujarat) artist.This piece, part of the Asian Art collection, is crafted using Ink, opaque watercolor, and gold on paper. Measuring 4 3/8 x 10 5/8 in. (11.1 x 27 cm), the work is classified as Paintings and was created in 15th century."
76950,Unknown,Unknown,CC0-1.0,Paintings,Asian Art,,"Drawing; Japan; Edo period (1615–1868); On paper; Image: 16 3/4 × 68 3/4 in. (42.5 × 174.6 cm); early 19th century; Asian Art; Unknown is a Edo period (1615–1868) Drawing by the Japan artist.This piece, part of the Asian Art collection, is crafted using On paper. Measuring Image: 16 3/4 × 68 3/4 in. (42.5 × 174.6 cm), the work is classified as Paintings and was created in early 19th century."
48942,明  劉世儒  雪梅圖    軸|Plum in snow,Liu Shiru,CC0-1.0,Paintings,Asian Art,,"Hanging scroll; China; Ming dynasty (1368–1644); Hanging scroll; ink on silk; Image: 68 3/4 x 24 3/8 in. (174.6 x 61.9 cm)
Overall with mounting: 106 1/4 x 30 7/8 in. (269.9 x 78.4 cm)
Overall with knobs: 106 1/4 x 33 9/16 in. (269.9 x 85.2 cm); Unknown; Asian Art; 明  劉世儒  雪梅圖    軸|Plum in snow is a Ming dynasty (1368–1644) Hanging scroll by the China artist Liu Shiru. This piece, part of the Asian Art collection, is crafted using Hanging scroll; ink on silk. Measuring Image: 68 3/4 x 24 3/8 in. (174.6 x 61.9 cm)
Overall with mounting: 106 1/4 x 30 7/8 in. (269.9 x 78.4 cm)
Overall with knobs: 106 1/4 x 33 9/16 in. (269.9 x 85.2 cm), the work is classified as Paintings ."
49463,清  任頤  童子水牛  扇面|Herdboy and Buffalo,Ren Yi (Ren Bonian),CC0-1.0,Paintings,Asian Art,,"Folding fan mounted as an album leaf; China; Qing dynasty (1644–1911); Folding fan mounted as an album leaf; ink and color on alum paper; 7 1/2 x 21 3/8 in. (19.1 x 54.3 cm); dated 1890; Asian Art; 清  任頤  童子水牛  扇面|Herdboy and Buffalo is a Qing dynasty (1644–1911) Folding fan mounted as an album leaf by the China artist Ren Yi (Ren Bonian). This piece, part of the Asian Art collection, is crafted using Folding fan mounted as an album leaf; ink and color on alum paper. Measuring 7 1/2 x 21 3/8 in. (19.1 x 54.3 cm), the work is classified as Paintings and was created in dated 1890."
74985,Unknown,Unknown,CC0-1.0,Paintings,Asian Art,,"Folio; India (Gujarat); Unknown; Ink, opaque watercolor, and gold on paper; Overall: 4 3/8 x 10 5/8 in. (11.1 x 27 cm); 15th century; Asian Art; Unknown is a Unknown Folio by the India (Gujarat) artist.This piece, part of the Asian Art collection, is crafted using Ink, opaque watercolor, and gold on paper. Measuring Overall: 4 3/8 x 10 5/8 in. (11.1 x 27 cm), the work is classified as Paintings and was created in 15th century."
670954,Unknown,Kakondō,CC0-1.0,Paintings,Asian Art,,"Hanging scroll; Japan; Edo period (1615–1868); Hanging scroll; ink, color and gold on paper; Image: 31 1/8 × 15 13/16 in. (79 × 40.2 cm)
Overall with mounting: 51 3/16 × 19 5/16 in. (130 × 49 cm)
Overall with knobs: 51 3/16 × 21 1/4 in. (130 × 54 cm); early 18th century; Asian Art; Unknown is a Edo period (1615–1868) Hanging scroll by the Japan artist Kakondō. This piece, part of the Asian Art collection, is crafted using Hanging scroll; ink, color and gold on paper. Measuring Image: 31 1/8 × 15 13/16 in. (79 × 40.2 cm)
Overall with mounting: 51 3/16 × 19 5/16 in. (130 × 49 cm)
Overall with knobs: 51 3/16 × 21 1/4 in. (130 × 54 cm), the work is classified as Paintings and was created in early 18th century."
77198,Unknown,Soga Nichokuan,CC0-1.0,Paintings,Asian Art,,"Hanging scroll; Japan; Edo period (1615–1868); Hanging scroll; ink on paper; Image: 45 3/16 x 20 3/16 in. (114.8 x 51.2 cm)
Overall with mounting: 81 5/16 x 21 1/8 in. (206.5 x 53.7 cm)
Overall with knobs: 22 13/16 in. (58 cm); early 17th century; Asian Art; Unknown is a Edo period (1615–1868) Hanging scroll by the Japan artist Soga Nichokuan. This piece, part of the Asian Art collection, is crafted using Hanging scroll; ink on paper. Measuring Image: 45 3/16 x 20 3/16 in. (114.8 x 51.2 cm)
Overall with mounting: 81 5/16 x 21 1/8 in. (206.5 x 53.7 cm)
Overall with knobs: 22 13/16 in. (58 cm), the work is classified as Paintings and was created in early 17th century."
57339,Unknown,Matsuo Bashō,CC0-1.0,Paintings,Asian Art,,"Painting; Japan; Edo period (1615–1868); Ink wash and color on paper; 43 x 11 1/2 in. (109.2 x 29.2 cm); 17th century; Asian Art; Unknown is a Edo period (1615–1868) Painting by the Japan artist Matsuo Bashō. This piece, part of the Asian Art collection, is crafted using Ink wash and color on paper. Measuring 43 x 11 1/2 in. (109.2 x 29.2 cm), the work is classified as Paintings and was created in 17th century."
45743,Unknown,Tosa School,CC0-1.0,Paintings,Asian Art,,"Painting; Japan; Edo period (1615–1868); Matted painting; ink and color on silk; 8 x 8 in. (20.3 x 20.3 cm); 17th century; Asian Art; Unknown is a Edo period (1615–1868) Painting by the Japan artist Tosa School. This piece, part of the Asian Art collection, is crafted using Matted painting; ink and color on silk. Measuring 8 x 8 in. (20.3 x 20.3 cm), the work is classified as Paintings and was created in 17th century."
74869,Unknown,Unknown,CC0-1.0,Paintings,Asian Art,,"Folio; India (Bengal) or Bangladesh; Pala period; Opaque watercolor on palm leaf; 2 1/4 x 22 1/2 in. (5.7 x 57 cm); ca. 1090; Asian Art; Unknown is a Pala period Folio by the India (Bengal) or Bangladesh artist.This piece, part of the Asian Art collection, is crafted using Opaque watercolor on palm leaf. Measuring 2 1/4 x 22 1/2 in. (5.7 x 57 cm)



, the work is classified as Paintings and was created in ca. 1090."
37816,Unknown,Unknown,CC0-1.0,Paintings,Asian Art,,"Tangka; Tibet; Unknown; Distemper and gold on cloth; Image: 31 x 26 1/4 in. (78.7 x 66.7 cm)
Mount: 49 1/2 x 28 in. (125.7 x 71.1 cm); 16th century; Asian Art; Unknown is a Unknown Tangka by the Tibet artist.This piece, part of the Asian Art collection, is crafted using Distemper and gold on cloth. Measuring Image: 31 x 26 1/4 in. (78.7 x 66.7 cm)
Mount: 49 1/2 x 28 in. (125.7 x 71.1 cm), the work is classified as Paintings and was created in 16th century."
48891,Unknown,Teisai Hokuba,CC0-1.0,Paintings,Asian Art,,"Hanging scroll; Japan; Edo period (1615–1868); Hanging scroll; ink and color, and gold on silk; 29 x 10 3/4 in. (73.7 x 27.3 cm); 18th century; Asian Art; Unknown is a Edo period (1615–1868) Hanging scroll by the Japan artist Teisai Hokuba. This piece, part of the Asian Art collection, is crafted using Hanging scroll; ink and color, and gold on silk. Measuring 29 x 10 3/4 in. (73.7 x 27.3 cm), the work is classified as Paintings and was created in 18th century."
37949,Unknown,Manaku,CC0-1.0,Paintings,Asian Art,,"Drawing; India, Punjab Hills, kingdom of Guler; Unknown; Ink on paper; 24 1/2 x 32 5/8 in. (62.2 x 82.9 cm); ca. 1725; Asian Art; Unknown is a Unknown Drawing by the India, Punjab Hills, kingdom of Guler artist Manaku. This piece, part of the Asian Art collection, is crafted using Ink on paper. Measuring 24 1/2 x 32 5/8 in. (62.2 x 82.9 cm), the work is classified as Paintings and was created in ca. 1725."
45381,Unknown,Kaigetsudō Dohan,CC0-1.0,Paintings,Asian Art,,"Hanging scroll; Japan; Edo period (1615–1868); Hanging scroll; ink and color on paper; Image: 32 3/16 x 13 3/16 in. (81.8 x 33.5 cm)
Overall with mounting: 64 3/8 x 20 1/8 in. (163.5 x 51.1 cm); 18th century; Asian Art; Unknown is a Edo period (1615–1868) Hanging scroll by the Japan artist Kaigetsudō Dohan. This piece, part of the Asian Art collection, is crafted using Hanging scroll; ink and color on paper
. Measuring Image: 32 3/16 x 13 3/16 in. (81.8 x 33.5 cm)
Overall with mounting: 64 3/8 x 20 1/8 in. (163.5 x 51.1 cm), the work is classified as Paintings and was created in 18th century."
50167,明　杜堇　陶淵明賞菊圖　軸|Tao Yuanming enjoying chrysanthemums,Du Jin,CC0-1.0,Paintings,Asian Art,,"Hanging scrolls; China; Ming dynasty (1368–1644); Hanging scrolls; ink and color on paper; Image: 58 1/4 x 14 3/16 in. (148 x 36 cm)
Overall with mounting: 105 1/4 x 21 3/16 in. (267.3 x 53.8 cm)
Overall with knobs: 105 1/4 x 24 1/2 in. (267.3 x 62.2 cm); Unknown; Asian Art; 明　杜堇　陶淵明賞菊圖　軸|Tao Yuanming enjoying chrysanthemums is a Ming dynasty (1368–1644) Hanging scrolls by the China artist Du Jin. This piece, part of the Asian Art collection, is crafted using Hanging scrolls; ink and color on paper. Measuring Image: 58 1/4 x 14 3/16 in. (148 x 36 cm)
Overall with mounting: 105 1/4 x 21 3/16 in. (267.3 x 53.8 cm)
Overall with knobs: 105 1/4 x 24 1/2 in. (267.3 x 62.2 cm), the work is classified as Paintings ."
37827,Unknown,Unknown,CC0-1.0,Paintings,Asian Art,,"Tangka; Tibet; Unknown; Distemper on cloth; Overall: 43 5/16 x 32 1/4 in. (110 x 81.9 cm)
Sight: 31 13/16 x 20 11/16 in. (80.8 x 52.5 cm); late 18th century; Asian Art; Unknown is a Unknown Tangka by the Tibet artist.This piece, part of the Asian Art collection, is crafted using Distemper on cloth. Measuring Overall: 43 5/16 x 32 1/4 in. (110 x 81.9 cm)
Sight: 31 13/16 x 20 11/16 in. (80.8 x 52.5 cm), the work is classified as Paintings and was created in late 18th century."
75136,Unknown,Bhadrabahu,CC0-1.0,Paintings,Asian Art,,"Folio; India (Gujarat); Unknown; Ink, opaque watercolor, and gold on paper; (Average size .1–.71): 4 1/2 x 11 3/8 in. (11.4 x 28.9 cm); 15th century; Asian Art; Unknown is a Unknown Folio by the India (Gujarat) artist Bhadrabahu. This piece, part of the Asian Art collection, is crafted using Ink, opaque watercolor, and gold on paper. Measuring (Average size .1–.71): 4 1/2 x 11 3/8 in. (11.4 x 28.9 cm), the work is classified as Paintings and was created in 15th century."
78283,星曼荼羅図 (Hoshi mandara zu)|Star Mandala,Unknown,CC0-1.0,Paintings,Asian Art,,"Hanging scroll; Japan; Kamakura period (1185–1333)–Nanbokuchō period (1336–92); Hanging scroll; ink, color, gold, and cut gold on silk; Image: 50 1/2 × 46 1/4 in. (128.3 × 117.5 cm)
Overall with mounting: 80 1/4 × 51 in. (203.8 × 129.5 cm)
Overall with knobs: 80 1/4 × 52 3/4 in. (203.8 × 134 cm); 13th–14th century; Asian Art; 星曼荼羅図 (Hoshi mandara zu)|Star Mandala is a Kamakura period (1185–1333)–Nanbokuchō period (1336–92) Hanging scroll by the Japan artist.This piece, part of the Asian Art collection, is crafted using Hanging scroll; ink, color, gold, and cut gold on silk. Measuring Image: 50 1/2 × 46 1/4 in. (128.3 × 117.5 cm)
Overall with mounting: 80 1/4 × 51 in. (203.8 × 129.5 cm)
Overall with knobs: 80 1/4 × 52 3/4 in. (203.8 × 134 cm), the work is classified as Paintings and was created in 13th–14th century."
752007,馬鳴菩薩像|Memyō Bosatsu (Ashvaghosha Bodhisattva) Mounted on a Horse,Unidentified,CC0-1.0,Paintings,Asian Art,,"Hanging scroll; Japan; Muromachi period (1392–1573); Hanging scroll; ink, color and gold on paper; Image: 19 3/4 × 11 3/4 in. (50.2 × 29.8 cm)
Overall with mounting: 62 1/2 × 18 7/16 in. (158.8 × 46.9 cm)
Overall with knobs: 62 1/2 × 19 7/16 in. (158.8 × 49.3 cm); 15th–16th century; Asian Art; 馬鳴菩薩像|Memyō Bosatsu (Ashvaghosha Bodhisattva) Mounted on a Horse is a Muromachi period (1392–1573) Hanging scroll by the Japan artist Unidentified. This piece, part of the Asian Art collection, is crafted using Hanging scroll; ink, color and gold on paper. Measuring Image: 19 3/4 × 11 3/4 in. (50.2 × 29.8 cm)
Overall with mounting: 62 1/2 × 18 7/16 in. (158.8 × 46.9 cm)
Overall with knobs: 62 1/2 × 19 7/16 in. (158.8 × 49.3 cm), the work is classified as Paintings and was created in 15th–16th century."
36179,清  徐祥  小鳥水仙  扇面|Birds and Narcissus,Xu Xiang,CC0-1.0,Paintings,Asian Art,,"Folding fan mounted as an album leaf; China; Qing dynasty (1644–1911); Folding fan mounted as an album leaf; ink and color on alum paper; 7 1/4 x 21 in. (18.4 x 53.3 cm); dated 1883; Asian Art; 清  徐祥  小鳥水仙  扇面|Birds and Narcissus is a Qing dynasty (1644–1911) Folding fan mounted as an album leaf by the China artist Xu Xiang. This piece, part of the Asian Art collection, is crafted using Folding fan mounted as an album leaf; ink and color on alum paper. Measuring 7 1/4 x 21 in. (18.4 x 53.3 cm), the work is classified as Paintings and was created in dated 1883."
75085,Unknown,Bhadrabahu,CC0-1.0,Paintings,Asian Art,,"Folio; India (Gujarat); Unknown; Ink, opaque watercolor, and gold on paper; (Average size .1–.71): 4 1/2 x 11 3/8 in. (11.4 x 28.9 cm); 15th century; Asian Art; Unknown is a Unknown Folio by the India (Gujarat) artist Bhadrabahu. This piece, part of the Asian Art collection, is crafted using Ink, opaque watercolor, and gold on paper. Measuring (Average size .1–.71): 4 1/2 x 11 3/8 in. (11.4 x 28.9 cm), the work is classified as Paintings and was created in 15th century."
49049,Unknown,Matsumura Goshun,CC0-1.0,Paintings,Asian Art,,"Hanging scroll; Japan; Edo period (1615–1868); Hanging scroll; ink and color on paper; 69 x 36 7/8 in. (175.2 x 93.6 cm); 18th century; Asian Art; Unknown is a Edo period (1615–1868) Hanging scroll by the Japan artist Matsumura Goshun. This piece, part of the Asian Art collection, is crafted using Hanging scroll; ink and color on paper. Measuring 69 x 36 7/8 in. (175.2 x 93.6 cm), the work is classified as Paintings and was created in 18th century."
37917,Unknown,Unknown,CC0-1.0,Paintings,Asian Art,,"Folio; India (Rajasthan, Mewar); Unknown; Ink and opaque watercolor on paper; 10 3/8 x 16 3/8 in. (26.4 x 41.6 cm); ca. 1710; Asian Art; Unknown is a Unknown Folio by the India (Rajasthan, Mewar) artist.This piece, part of the Asian Art collection, is crafted using Ink and opaque watercolor on paper. Measuring 10 3/8 x 16 3/8 in. (26.4 x 41.6 cm), the work is classified as Paintings and was created in ca. 1710."
55304,松村呉春筆　葡萄図|Grapevine,Matsumura Goshun,CC0-1.0,Paintings,Asian Art,,"Hanging scroll; Japan; Edo period (1615–1868); Hanging scroll; ink on silk; Image: 10 7/16 × 16 1/8 in. (26.5 × 40.9 cm)
Overall with mounting: 43 1/16 × 20 5/16 in. (109.4 × 51.6 cm)
Overall with knobs: 43 1/16 × 22 1/16 in. (109.4 × 56 cm); after 1790; Asian Art; 松村呉春筆　葡萄図|Grapevine is a Edo period (1615–1868) Hanging scroll by the Japan artist Matsumura Goshun. This piece, part of the Asian Art collection, is crafted using Hanging scroll; ink on silk. Measuring Image: 10 7/16 × 16 1/8 in. (26.5 × 40.9 cm)
Overall with mounting: 43 1/16 × 20 5/16 in. (109.4 × 51.6 cm)
Overall with knobs: 43 1/16 × 22 1/16 in. (109.4 × 56 cm), the work is classified as Paintings and was created in after 1790."
36035,Unknown,Wen Tong,CC0-1.0,Paintings,Asian Art,,"Handscroll; China; Ming dynasty (1368–1644); Handscroll; ink and color on silk; Image: 22 x 101 in. (55.9 x 256.5 cm); 16th century; Asian Art; Unknown is a Ming dynasty (1368–1644) Handscroll by the China artist Wen Tong. This piece, part of the Asian Art collection, is crafted using Handscroll; ink and color on silk. Measuring Image: 22 x 101 in. (55.9 x 256.5 cm), the work is classified as Paintings and was created in 16th century."
44794,Unknown,Unknown,CC0-1.0,Paintings,Asian Art,,"Wall painting; China (Xinjiang Uyghur Autonomous Region); Kizil kingdom; Pigments on mud plaster; 32 x 14 3/4 in. (81.3 x 37.5 cm); ca. 6th–7th century; Asian Art; Unknown is a Kizil kingdom Wall painting by the China (Xinjiang Uyghur Autonomous Region) artist.This piece, part of the Asian Art collection, is crafted using Pigments on mud plaster. Measuring 32 x 14 3/4 in. (81.3 x 37.5 cm), the work is classified as Paintings and was created in ca. 6th–7th century."
73299,清  佚名  黃河萬里圖  卷|Ten Thousand Miles along the Yellow River,Unidentified artist,CC0-1.0,Paintings,Asian Art,,"Handscrolls; China; Qing dynasty (1644–1911); Two handscrolls; ink, color, and gold on silk; Image: 30 11/16 in. × 42 ft. 1 7/8 in. (78 × 1285 cm)
Overall with mounting: 32 7/8 in. × 42 ft. 1 7/8 in. (83.5 × 1285 cm); datable to 1690–1722; Asian Art; 清  佚名  黃河萬里圖  卷|Ten Thousand Miles along the Yellow River is a Qing dynasty (1644–1911) Handscrolls by the China artist Unidentified artist. This piece, part of the Asian Art collection, is crafted using Two handscrolls; ink, color, and gold on silk. Measuring Image: 30 11/16 in. × 42 ft. 1 7/8 in. (78 × 1285 cm)
Overall with mounting: 32 7/8 in. × 42 ft. 1 7/8 in. (83.5 × 1285 cm), the work is classified as Paintings and was created in datable to 1690–1722."
36157,清  劉德六  松鼠葡萄  扇面|Squirrel and Grape,Liu Deliu,CC0-1.0,Paintings,Asian Art,,"Folding fan mounted as an album leaf; China; Qing dynasty (1644–1911); Folding fan mounted as an album leaf; ink and color on alum paper; 6 15/16 x 20 1/16 in. (17.6 x 51 cm); dated 1868; Asian Art; 清  劉德六  松鼠葡萄  扇面|Squirrel and Grape is a Qing dynasty (1644–1911) Folding fan mounted as an album leaf by the China artist Liu Deliu. This piece, part of the Asian Art collection, is crafted using Folding fan mounted as an album leaf; ink and color on alum paper. Measuring 6 15/16 x 20 1/16 in. (17.6 x 51 cm), the work is classified as Paintings and was created in dated 1868."
40309,元     佚名  倣錢選     梨花圖    卷|Pear Blossoms,Unidentified|Qian Xuan,CC0-1.0,Paintings,Asian Art,,"Handscroll; China; Yuan dynasty (1271–1368); Handscroll; ink and color on paper; Image: 12 5/16 x 37 7/8 in. (31.3 x 96.2 cm)
Overall with mounting: 12 5/8 x 34 ft. 9 1/8 in. (32.1 x 1059.5 cm); ca. 1280; Asian Art; 元     佚名  倣錢選     梨花圖    卷|Pear Blossoms is a Yuan dynasty (1271–1368) Handscroll by the China artist Unidentified|Qian Xuan. This piece, part of the Asian Art collection, is crafted using Handscroll; ink and color on paper. Measuring Image: 12 5/16 x 37 7/8 in. (31.3 x 96.2 cm)
Overall with mounting: 12 5/8 x 34 ft. 9 1/8 in. (32.1 x 1059.5 cm), the work is classified as Paintings and was created in ca. 1280."
51679,Unknown,Unidentified artist|Hao Cheng,CC0-1.0,Paintings,Asian Art,,"Fan mounted as an album leaf; China; Ming dynasty (1368–1644); Fan mounted as an album leaf; ink and color on silk; 8 5/8 x 9 3/16 in. (21.9 x 23.3 cm); Unknown; Asian Art; Unknown is a Ming dynasty (1368–1644) Fan mounted as an album leaf by the China artist Unidentified artist|Hao Cheng. This piece, part of the Asian Art collection, is crafted using Fan mounted as an album leaf; ink and color on silk. Measuring 8 5/8 x 9 3/16 in. (21.9 x 23.3 cm), the work is classified as Paintings ."
853796,明　葉廣　月下漁夫圖　軸|Fisherman viewing the moon,Ye Guang,CC0-1.0,Paintings,Asian Art,,"Hanging scroll; China; Ming dynasty (1368–1644); Hanging scroll; ink and color on silk; Image: 57 1/2 × 29 1/2 in. (146.1 × 74.9 cm); ca. 1600; Asian Art; 明　葉廣　月下漁夫圖　軸|Fisherman viewing the moon is a Ming dynasty (1368–1644) Hanging scroll by the China artist Ye Guang. This piece, part of the Asian Art collection, is crafted using Hanging scroll; ink and color on silk. Measuring Image: 57 1/2 × 29 1/2 in. (146.1 × 74.9 cm), the work is classified as Paintings and was created in ca. 1600."
37927,Unknown,Unknown,CC0-1.0,Paintings,Asian Art,,"Painting; India; Unknown; Ink and opaque watercolor on paper; 2 1/2 x 5 5/16 in. (6.3 x 13.5 cm); 1650–60; Asian Art; Unknown is a Unknown Painting by the India artist.This piece, part of the Asian Art collection, is crafted using Ink and opaque watercolor on paper. Measuring 2 1/2 x 5 5/16 in. (6.3 x 13.5 cm), the work is classified as Paintings and was created in 1650–60."
72589,Unknown,Stipple Master|Jai Ram,CC0-1.0,Paintings,Asian Art,,"Painting; India (Rajasthan, Mewar); Unknown; Ink, opaque watercolor, gold, and Basra pearls on paper; 8 1/4 x 7 1/2 in. (21 x 19 cm); ca. 1712; Asian Art; Unknown is a Unknown Painting by the India (Rajasthan, Mewar) artist Stipple Master|Jai Ram. This piece, part of the Asian Art collection, is crafted using Ink, opaque watercolor, gold, and Basra pearls on paper. Measuring 8 1/4 x 7 1/2 in. (21 x 19 cm), the work is classified as Paintings and was created in ca. 1712."
40195,明   佚名   （舊傳）吳炳   枇杷   扇|Bird on a Loquat Tree,Unidentified artist|Wu Bing,CC0-1.0,Paintings,Asian Art,,"Fan mounted as an album leaf; China; probably mid- to late Ming dynasty (1368–1644); Fan mounted as an album leaf; ink and color on silk; 10 1/2 x 10 3/4 in. (26.7 x 27.3 cm); Unknown; Asian Art; 明   佚名   （舊傳）吳炳   枇杷   扇|Bird on a Loquat Tree is a probably mid- to late Ming dynasty (1368–1644) Fan mounted as an album leaf by the China artist Unidentified artist|Wu Bing. This piece, part of the Asian Art collection, is crafted using Fan mounted as an album leaf; ink and color on silk. Measuring 10 1/2 x 10 3/4 in. (26.7 x 27.3 cm), the work is classified as Paintings ."
75049,Unknown,Unknown,CC0-1.0,Paintings,Asian Art,,"Folio; India (Gujarat); Unknown; Ink, opaque watercolor, and gold on paper; 4 3/8 x 10 5/8 in. (11.1 x 27 cm); 15th century; Asian Art; Unknown is a Unknown Folio by the India (Gujarat) artist.This piece, part of the Asian Art collection, is crafted using Ink, opaque watercolor, and gold on paper. Measuring 4 3/8 x 10 5/8 in. (11.1 x 27 cm), the work is classified as Paintings and was created in 15th century."
42347,瀟湘八景図|Eight Views of the Xiao and Xiang Rivers,Unknown,CC0-1.0,Paintings,Asian Art,,"Hanging scroll; Japan; Muromachi period (1392–1573); One of a triptych of hanging scrolls; ink and color on paper; 60 7/8 x 23 1/4 in. (154.6 x 59.1 cm)
Entire scroll: 93 3/4 x 29 3/8 in. (238.1 x 74.6 cm)
Width w/ rollers: 31 3/4 in (80.6 cm); 16th century; Asian Art; 瀟湘八景図|Eight Views of the Xiao and Xiang Rivers is a Muromachi period (1392–1573) Hanging scroll by the Japan artist.This piece, part of the Asian Art collection, is crafted using One of a triptych of hanging scrolls; ink and color on paper. Measuring 60 7/8 x 23 1/4 in. (154.6 x 59.1 cm)
Entire scroll: 93 3/4 x 29 3/8 in. (238.1 x 74.6 cm)
Width w/ rollers: 31 3/4 in (80.6 cm), the work is classified as Paintings and was created in 16th century."
39906,Unknown,Unknown,CC0-1.0,Paintings,Asian Art,,"Wall painting; Xinjiang Uyghur Autonomous Region; Unknown; Water-based pigment on mud plaster; 11 3/4 x 8 1/2 in. (29.8 x 21.6 cm); ca. 6th century; Asian Art; Unknown is a Unknown Wall painting by the Xinjiang Uyghur Autonomous Region artist.This piece, part of the Asian Art collection, is crafted using Water-based pigment on mud plaster. Measuring 11 3/4 x 8 1/2 in. (29.8 x 21.6 cm), the work is classified as Paintings and was created in ca. 6th century."
39667,明     杜堇     伏生授經圖   軸|The Scholar Fu Sheng Transmitting the Book of Documents,Du Jin,CC0-1.0,Paintings,Asian Art,,"Hanging scroll; China; Ming dynasty (1368–1644); Hanging scroll; ink and color on silk; Image: 57 7/8 × 41 1/8 in. (147 × 104.5 cm)
Overall with mounting: 9 ft. 10 3/4 in. × 50 1/4 in. (301.6 × 127.6 cm)
Overall with knobs: 9 ft. 10 3/4 in. × 53 in. (301.6 × 134.6 cm); 15th–mid-16th century; Asian Art; 明     杜堇     伏生授經圖   軸|The Scholar Fu Sheng Transmitting the Book of Documents is a Ming dynasty (1368–1644) Hanging scroll by the China artist Du Jin. This piece, part of the Asian Art collection, is crafted using Hanging scroll; ink and color on silk. Measuring Image: 57 7/8 × 41 1/8 in. (147 × 104.5 cm)
Overall with mounting: 9 ft. 10 3/4 in. × 50 1/4 in. (301.6 × 127.6 cm)
Overall with knobs: 9 ft. 10 3/4 in. × 53 in. (301.6 × 134.6 cm), the work is classified as Paintings and was created in 15th–mid-16th century."
658681,Unknown,Kano Shōun,CC0-1.0,Paintings,Asian Art,,"Painting; Japan; Edo period (1615–1868); Unmounted shikisi leaf; ink and color on silk; 7 1/4 × 6 1/2 in. (18.4 × 16.5 cm); 17th century; Asian Art; Unknown is a Edo period (1615–1868) Painting by the Japan artist Kano Shōun. This piece, part of the Asian Art collection, is crafted using Unmounted shikisi leaf; ink and color on silk. Measuring 7 1/4 × 6 1/2 in. (18.4 × 16.5 cm), the work is classified as Paintings and was created in 17th century."
36026,清 佚名 傳王文治  蘭亭修禊圖 軸|Spring Ablutions at the Orchid Pavilion,Wang Wenzhi,CC0-1.0,Paintings,Asian Art,,"Hanging scroll; China; Qing dynasty (1644–1911); Hanging scroll; ink and color on silk; 17 1/4 x 19 1/2 in. (43.8 x 49.5 cm); Unknown; Asian Art; 清 佚名 傳王文治  蘭亭修禊圖 軸|Spring Ablutions at the Orchid Pavilion is a Qing dynasty (1644–1911) Hanging scroll by the China artist Wang Wenzhi. This piece, part of the Asian Art collection, is crafted using Hanging scroll; ink and color on silk. Measuring 17 1/4 x 19 1/2 in. (43.8 x 49.5 cm), the work is classified as Paintings ."
36188,近代  吳石僊  春江煙雨  扇面|Misty Rain on the River in Spring,Wu Shixian,CC0-1.0,Paintings,Asian Art,,"Folding fan mounted as an album leaf; China; Qing dynasty (1644–1911); Folding fan mounted as an album leaf; ink on gold-flecked paper; 7 1/8 x 20 1/4 in. (18.1 x 51.4 cm); Unknown; Asian Art; 近代  吳石僊  春江煙雨  扇面|Misty Rain on the River in Spring is a Qing dynasty (1644–1911) Folding fan mounted as an album leaf by the China artist Wu Shixian. This piece, part of the Asian Art collection, is crafted using Folding fan mounted as an album leaf; ink on gold-flecked paper. Measuring 7 1/8 x 20 1/4 in. (18.1 x 51.4 cm), the work is classified as Paintings ."
45796,Unknown,Torii Kiyonaga,CC0-1.0,Paintings,Asian Art,,"Hanging scroll; Japan; Edo period (1615–1868); Hanging scroll; ink and color on silk; 40 3/4 x 12 1/2 in. (103.5 x 31.8 cm); 18th century; Asian Art; Unknown is a Edo period (1615–1868) Hanging scroll by the Japan artist Torii Kiyonaga. This piece, part of the Asian Art collection, is crafted using Hanging scroll; ink and color on silk. Measuring 40 3/4 x 12 1/2 in. (103.5 x 31.8 cm), the work is classified as Paintings and was created in 18th century."
45709,Unknown,Kano Shōun,CC0-1.0,Paintings,Asian Art,,"Painting; Japan; Edo period (1615–1868); Unmounted shikisi leaf; ink and color on silk; 7 1/4 × 6 1/2 in. (18.4 × 16.5 cm); 17th century; Asian Art; Unknown is a Edo period (1615–1868) Painting by the Japan artist Kano Shōun. This piece, part of the Asian Art collection, is crafted using Unmounted shikisi leaf; ink and color on silk. Measuring 7 1/4 × 6 1/2 in. (18.4 × 16.5 cm), the work is classified as Paintings and was created in 17th century."
78108,Unknown,Taihō Shōkon,CC0-1.0,Paintings,Asian Art,,"Hanging scroll; Japan; Edo period (1615–1868); Hanging scroll; ink on paper; Image: 47 1/4 x 21 in. (120 x 53.3 cm); Unknown; Asian Art; Unknown is a Edo period (1615–1868) Hanging scroll by the Japan artist Taihō Shōkon. This piece, part of the Asian Art collection, is crafted using Hanging scroll; ink on paper. Measuring Image: 47 1/4 x 21 in. (120 x 53.3 cm), the work is classified as Paintings ."
49019,明  藍瑛  春江漁隱圖  軸|Hermit-Fisherman on a Spring River,Lan Ying,CC0-1.0,Paintings,Asian Art,,"Hanging scroll; China; Ming dynasty (1368–1644); Hanging scroll; ink and color on silk; Image: 72 3/4 x 35 3/4 in. (184.8 x 90.8 cm)
Overall with mounting: 98 3/4 x 43 1/8 in. (250.8 x 109.5 cm)
Overall with knobs: 98 3/4 x 46 3/8 in. (250.8 x 117.8 cm); dated 1632; Asian Art; 明  藍瑛  春江漁隱圖  軸|Hermit-Fisherman on a Spring River is a Ming dynasty (1368–1644) Hanging scroll by the China artist Lan Ying. This piece, part of the Asian Art collection, is crafted using Hanging scroll; ink and color on silk. Measuring Image: 72 3/4 x 35 3/4 in. (184.8 x 90.8 cm)
Overall with mounting: 98 3/4 x 43 1/8 in. (250.8 x 109.5 cm)
Overall with knobs: 98 3/4 x 46 3/8 in. (250.8 x 117.8 cm), the work is classified as Paintings and was created in dated 1632."
74658,Unknown,Unknown,CC0-1.0,Paintings,Asian Art,,"Painting; India (Himachal Pradesh, Guler); Unknown; Ink, wash, and translucent watercolor on paper; Image (sight): 7 5/8 x 11 3/8 in. (19.4 x 28.9 cm); ca. 1780; Asian Art; Unknown is a Unknown Painting by the India (Himachal Pradesh, Guler) artist.This piece, part of the Asian Art collection, is crafted using Ink, wash, and translucent watercolor on paper. Measuring Image (sight): 7 5/8 x 11 3/8 in. (19.4 x 28.9 cm), the work is classified as Paintings and was created in ca. 1780."
44873,明  陳洪綬  山水花鳥人物圖   扇冊|Landscapes and Flowers,Chen Hongshou,CC0-1.0,Paintings,Asian Art,,"Folding fans mounted as album leaves; China; late Ming (1368–1644)–early Qing (1644–1911) dynasty; Twelve folding fans mounted as album leaves; ink and color on gold paper; 9 1/2 x 20 1/2 in. (24.1 x 52.1 cm); first half of the 17th century; Asian Art; 明  陳洪綬  山水花鳥人物圖   扇冊|Landscapes and Flowers is a late Ming (1368–1644)–early Qing (1644–1911) dynasty Folding fans mounted as album leaves by the China artist Chen Hongshou. This piece, part of the Asian Art collection, is crafted using Twelve folding fans mounted as album leaves; ink and color on gold paper. Measuring 9 1/2 x 20 1/2 in. (24.1 x 52.1 cm), the work is classified as Paintings and was created in first half of the 17th century."
37884,Unknown,Unknown,CC0-1.0,Paintings,Asian Art,,"Folio; India (Madhya Pradesh, Malwa); Unknown; Ink and opaque watercolor on paper; 7 3/4 x 6 in. (19.7 x 15.2 cm); 1634; Asian Art; Unknown is a Unknown Folio by the India (Madhya Pradesh, Malwa) artist.This piece, part of the Asian Art collection, is crafted using Ink and opaque watercolor on paper. Measuring 7 3/4 x 6 in. (19.7 x 15.2 cm), the work is classified as Paintings and was created in 1634."
49178,清 石濤 (朱若極) 秋林人醉圖 軸 紙本|Drunk in Autumn Woods,Shitao (Zhu Ruoji),CC0-1.0,Paintings,Asian Art,,"Hanging scroll; China; Qing dynasty (1644–1911); Hanging scroll; ink and color on paper; Image: 63 3/8 × 27 3/4 in. (161 × 70.5 cm)
Overall with mounting: 8 ft. 11 1/2 in. × 33 3/8 in. (273.1 × 84.8 cm)
Overall with knobs: 8 ft. 11 1/2 in. × 36 7/8 in. (273.1 × 93.7 cm); ca. 1702; Asian Art; 清 石濤 (朱若極) 秋林人醉圖 軸 紙本|Drunk in Autumn Woods is a Qing dynasty (1644–1911) Hanging scroll by the China artist Shitao (Zhu Ruoji). This piece, part of the Asian Art collection, is crafted using Hanging scroll; ink and color on paper. Measuring Image: 63 3/8 × 27 3/4 in. (161 × 70.5 cm)
Overall with mounting: 8 ft. 11 1/2 in. × 33 3/8 in. (273.1 × 84.8 cm)
Overall with knobs: 8 ft. 11 1/2 in. × 36 7/8 in. (273.1 × 93.7 cm), the work is classified as Paintings and was created in ca. 1702."
49080,明/清  項聖謨  白菊圖  軸|White Chrysanthemums,Xiang Shengmo,CC0-1.0,Paintings,Asian Art,,"Hanging scroll; China; Qing dynasty (1644–1911); Hanging scroll; color on paper; Image: 30 7/16 x 15 1/2 in. (77.3 x 39.4 cm)
Overall with mounting: 60 x 21 in. (152.4 x 53.3 cm)
Overall with knobs: 60 x 24 in. (152.4 x 61 cm); dated 1654; Asian Art; 明/清  項聖謨  白菊圖  軸|White Chrysanthemums is a Qing dynasty (1644–1911) Hanging scroll by the China artist Xiang Shengmo. This piece, part of the Asian Art collection, is crafted using Hanging scroll; color on paper. Measuring Image: 30 7/16 x 15 1/2 in. (77.3 x 39.4 cm)
Overall with mounting: 60 x 21 in. (152.4 x 53.3 cm)
Overall with knobs: 60 x 24 in. (152.4 x 61 cm), the work is classified as Paintings and was created in dated 1654."
845145,兼好法師画像 (Kenkō Hōshi zō)|兼好法師画賛 (Kenkō hōshi gasan)|Monk Kenkō Reading by Lamplight,Unidentified|Imperial Prince-Monk Ryōshō 良尚入道親王,CC0-1.0,Paintings,Asian Art,,"Hanging scroll; Japan; Edo period (1615–1868); Hanging scroll; ink and color on paper; Image: 8 5/16 × 20 9/16 in. (21.1 × 52.3 cm)
Overall with mounting: 40 × 21 1/2 in. (101.6 × 54.6 cm)
Overall with knobs: 40 × 23 3/8 in. (101.6 × 59.4 cm); late 17th century; Asian Art; 兼好法師画像 (Kenkō Hōshi zō)|兼好法師画賛 (Kenkō hōshi gasan)|Monk Kenkō Reading by Lamplight is a Edo period (1615–1868) Hanging scroll by the Japan artist Unidentified|Imperial Prince-Monk Ryōshō 良尚入道親王. This piece, part of the Asian Art collection, is crafted using Hanging scroll; ink and color on paper. Measuring Image: 8 5/16 × 20 9/16 in. (21.1 × 52.3 cm)
Overall with mounting: 40 × 21 1/2 in. (101.6 × 54.6 cm)
Overall with knobs: 40 × 23 3/8 in. (101.6 × 59.4 cm), the work is classified as Paintings and was created in late 17th century."
671041,歌川豊春筆　桜下遊女と禿|Courtesan and her Attendant under a Cherry Tree,Utagawa Toyoharu,CC0-1.0,Paintings,Asian Art,,"Hanging scroll; Japan; Edo period (1615–1868); Hanging scroll; ink and color on silk; Image: 35 5/16 in. × 14 in. (89.7 × 35.5 cm)
Overall with mounting: 67 1/2 × 18 3/8 in. (171.5 × 46.7 cm)
Overall with knobs: 67 1/2 × 20 1/2 in. (171.5 × 52.1 cm); early 19th century; Asian Art; 歌川豊春筆　桜下遊女と禿|Courtesan and her Attendant under a Cherry Tree is a Edo period (1615–1868) Hanging scroll by the Japan artist Utagawa Toyoharu. This piece, part of the Asian Art collection, is crafted using Hanging scroll; ink and color on silk. Measuring Image: 35 5/16 in. × 14 in. (89.7 × 35.5 cm)
Overall with mounting: 67 1/2 × 18 3/8 in. (171.5 × 46.7 cm)
Overall with knobs: 67 1/2 × 20 1/2 in. (171.5 × 52.1 cm), the work is classified as Paintings and was created in early 19th century."
51678,Unknown,Unidentified artist|Ma Lin,CC0-1.0,Paintings,Asian Art,,"Fan mounted as an album leaf; China; Ming dynasty (1368–1644); Fan mounted as an album leaf; ink and color on silk; 9 3/4 x 10 1/16 in. (24.8 x 25.6 cm); Unknown; Asian Art; Unknown is a Ming dynasty (1368–1644) Fan mounted as an album leaf by the China artist Unidentified artist|Ma Lin. This piece, part of the Asian Art collection, is crafted using Fan mounted as an album leaf; ink and color on silk. Measuring 9 3/4 x 10 1/16 in. (24.8 x 25.6 cm), the work is classified as Paintings ."
40434,Unknown,Unidentified artist,CC0-1.0,Paintings,Asian Art,,"Album leaf; Korea; Joseon dynasty (1392–1910); Album leaf; ink and color on silk; 17 3/4 x 11 3/8 in. (45.1 x 28.9 cm); ca. 1650; Asian Art; Unknown is a Joseon dynasty (1392–1910) Album leaf by the Korea artist Unidentified artist. This piece, part of the Asian Art collection, is crafted using Album leaf; ink and color on silk. Measuring 17 3/4 x 11 3/8 in. (45.1 x 28.9 cm), the work is classified as Paintings and was created in ca. 1650."
54749,狗児図|A Pair of Puppies,Kawabata Gyokushō,CC0-1.0,Paintings,Asian Art,,"Album leaf; Japan; Meiji period (1868–1912); Album leaf; ink on silk; 13 1/2 x 10 7/8 in. (34.3 x 27.6 cm); ca. 1887–92; Asian Art; 狗児図|A Pair of Puppies is a Meiji period (1868–1912) Album leaf by the Japan artist Kawabata Gyokushō. This piece, part of the Asian Art collection, is crafted using Album leaf; ink on silk. Measuring 13 1/2 x 10 7/8 in. (34.3 x 27.6 cm), the work is classified as Paintings and was created in ca. 1887–92."
51736,Unknown,Unidentified artist,CC0-1.0,Paintings,Asian Art,,"Fan mounted as an album leaf; China; Ming dynasty (1368–1644); Fan mounted as an album leaf; ink and color on silk; 9 1/4 x 10 1/8 in. (23.5 x 25.7 cm); Unknown; Asian Art; Unknown is a Ming dynasty (1368–1644) Fan mounted as an album leaf by the China artist Unidentified artist. This piece, part of the Asian Art collection, is crafted using Fan mounted as an album leaf; ink and color on silk. Measuring 9 1/4 x 10 1/8 in. (23.5 x 25.7 cm), the work is classified as Paintings ."
829381,"源宗于　「藤房本　三十六歌仙絵巻」断簡|Minamoto no Muneyuki, from the “Fujifusa Version” of Thirty-six Poetic Immortals (Fujifusa-bon Sanjūrokkasen emaki)",Unidentified|Emperor Godaigo,CC0-1.0,Paintings,Asian Art,,"Hanging scroll; Japan; Muromachi period (1392–1573); Hanging scroll; ink and color on paper; Image: 9 1/4 × 16 1/16 in. (23.5 × 40.8 cm)
Overall with mounting: 42 1/8 × 22 7/16 in. (107 × 57 cm); early 15th century; Asian Art; 源宗于　「藤房本　三十六歌仙絵巻」断簡|Minamoto no Muneyuki, from the “Fujifusa Version” of Thirty-six Poetic Immortals (Fujifusa-bon Sanjūrokkasen emaki) is a Muromachi period (1392–1573) Hanging scroll by the Japan artist Unidentified|Emperor Godaigo. This piece, part of the Asian Art collection, is crafted using Hanging scroll; ink and color on paper. Measuring Image: 9 1/4 × 16 1/16 in. (23.5 × 40.8 cm)
Overall with mounting: 42 1/8 × 22 7/16 in. (107 × 57 cm), the work is classified as Paintings and was created in early 15th century."
77169,柴田是真筆　烏鷺図屏風|Egrets and Crows,Shibata Zeshin,CC0-1.0,Paintings,Asian Art,,"Screen; Japan; Meiji period (1868–1912); Individual panels remounted as a two-panel folding screen; colored lacquer, white pigment, and gold leaf on paper; Image (each panel): 53 1/2 x 36 in. (135.9 x 91.4 cm)
Overall (each panel): 60 7/8 x 39 1/4 in. (154.6 x 99.7 cm); late 19th century; Asian Art; 柴田是真筆　烏鷺図屏風|Egrets and Crows is a Meiji period (1868–1912) Screen by the Japan artist Shibata Zeshin. This piece, part of the Asian Art collection, is crafted using Individual panels remounted as a two-panel folding screen; colored lacquer, white pigment, and gold leaf on paper. Measuring Image (each panel): 53 1/2 x 36 in. (135.9 x 91.4 cm)
Overall (each panel): 60 7/8 x 39 1/4 in. (154.6 x 99.7 cm), the work is classified as Paintings and was created in late 19th century."
37882,Unknown,Unknown,CC0-1.0,Paintings,Asian Art,,"Folio; India (Madhya Pradesh, Malwa); Unknown; Ink and opaque watercolor on paper; 7 5/8 x 5 3/4 in. (19.4 x 14.6 cm); ca. 1630–40; Asian Art; Unknown is a Unknown Folio by the India (Madhya Pradesh, Malwa) artist.This piece, part of the Asian Art collection, is crafted using Ink and opaque watercolor on paper. Measuring 7 5/8 x 5 3/4 in. (19.4 x 14.6 cm), the work is classified as Paintings and was created in ca. 1630–40."
435956,Portrait of a Man with a Black-Plumed Hat,Corneille de Lyon,CC0-1.0,Paintings,European Paintings,,"Painting; Unknown; Unknown; Oil on wood; 7 x 5 1/2 in. (17.8 x 14 cm); with added strips, 8 1/2 x 6 in. (21.6 x 15.2 cm); ca. 1535–40; European Paintings; Portrait of a Man with a Black-Plumed Hat is a Unknown Painting by the Unknown artist Corneille de Lyon. This piece, part of the European Paintings collection, is crafted using Oil on wood. Measuring 7 x 5 1/2 in. (17.8 x 14 cm); with added strips, 8 1/2 x 6 in. (21.6 x 15.2 cm), the work is classified as Paintings and was created in ca. 1535–40."
436064,Young Herdsmen with Cows,Aelbert Cuyp,CC0-1.0,Paintings,European Paintings,,"Painting; Unknown; Unknown; Oil on canvas; 44 1/8 x 52 1/8 in. (112.1 x 132.4 cm); ca. 1655–60; European Paintings; Young Herdsmen with Cows is a Unknown Painting by the Unknown artist Aelbert Cuyp. This piece, part of the European Paintings collection, is crafted using Oil on canvas. Measuring 44 1/8 x 52 1/8 in. (112.1 x 132.4 cm), the work is classified as Paintings and was created in ca. 1655–60."
436006,Marine: The Waterspout,Gustave Courbet,CC0-1.0,Paintings,European Paintings,,"Painting; Unknown; Unknown; Oil on canvas; 27 1/8 x 39 1/4 in. (68.9 x 99.7 cm); 1870; European Paintings; Marine: The Waterspout is a Unknown Painting by the Unknown artist Gustave Courbet. This piece, part of the European Paintings collection, is crafted using Oil on canvas. Measuring 27 1/8 x 39 1/4 in. (68.9 x 99.7 cm), the work is classified as Paintings and was created in 1870."
436444,Saint Nicholas of Tolentino Reviving a Child,Garofalo (Benvenuto Tisi da Garofalo),CC0-1.0,Paintings,European Paintings,,"Painting, predella panel; Unknown; Unknown; Oil on canvas, transferred from wood; 13 x 25 3/4 in. (33 x 65.4 cm); ca. 1530; European Paintings; Saint Nicholas of Tolentino Reviving a Child is a Unknown Painting, predella panel by the Unknown artist Garofalo (Benvenuto Tisi da Garofalo). This piece, part of the European Paintings collection, is crafted using Oil on canvas, transferred from wood. Measuring 13 x 25 3/4 in. (33 x 65.4 cm), the work is classified as Paintings and was created in ca. 1530."
437415,The Sibyl,Willem Drost,CC0-1.0,Paintings,European Paintings,,"Painting; Unknown; Unknown; Oil on canvas; 38 1/2 x 30 3/4 in. (97.8 x 78.1 cm); ca. 1654; European Paintings; The Sibyl is a Unknown Painting by the Unknown artist Willem Drost. This piece, part of the European Paintings collection, is crafted using Oil on canvas. Measuring 38 1/2 x 30 3/4 in. (97.8 x 78.1 cm), the work is classified as Paintings and was created in ca. 1654."
437409,Portrait of a Woman,Rembrandt,CC0-1.0,Paintings,European Paintings,,"Painting; Unknown; Unknown; Oil on canvas; 47 5/8 x 38 5/8 in. (121 x 98.1 cm); Unknown; European Paintings; Portrait of a Woman is a Unknown Painting by the Unknown artist Rembrandt. This piece, part of the European Paintings collection, is crafted using Oil on canvas. Measuring 47 5/8 x 38 5/8 in. (121 x 98.1 cm), the work is classified as Paintings ."
436186,Still Life with Silver,Alexandre François Desportes,CC0-1.0,Paintings,European Paintings,,"Painting; Unknown; Unknown; Oil on canvas; 103 x 73 3/4 in. (261.6 x 187.3 cm); Unknown; European Paintings; Still Life with Silver is a Unknown Painting by the Unknown artist Alexandre François Desportes. This piece, part of the European Paintings collection, is crafted using Oil on canvas. Measuring 103 x 73 3/4 in. (261.6 x 187.3 cm), the work is classified as Paintings ."
817124,Cain Slaying Abel,Pier Francesco Mola,CC0-1.0,Paintings,European Paintings,,"Painting; Unknown; Unknown; Oil on canvas; 54 3/4 × 35 7/16 in. (139 × 90 cm); ca. 1650–52; European Paintings; Cain Slaying Abel is a Unknown Painting by the Unknown artist Pier Francesco Mola. This piece, part of the European Paintings collection, is crafted using Oil on canvas. Measuring 54 3/4 × 35 7/16 in. (139 × 90 cm), the work is classified as Paintings and was created in ca. 1650–52."
435666,The Story of Joseph,Biagio d'Antonio,CC0-1.0,Paintings,European Paintings,,"Painting; Unknown; Unknown; Tempera on wood; 27 x 59 in. (68.6 x 149.9 cm); Unknown; European Paintings; The Story of Joseph is a Unknown Painting by the Unknown artist Biagio d'Antonio. This piece, part of the European Paintings collection, is crafted using Tempera on wood. Measuring 27 x 59 in. (68.6 x 149.9 cm), the work is classified as Paintings ."
437873,"Philip IV (1605–1665), King of Spain",Velázquez (Diego Rodríguez de Silva y Velázquez),CC0-1.0,Paintings,European Paintings,,"Painting; Unknown; Unknown; Oil on canvas; 78 3/4 x 40 1/2 in. (200 x 102.9 cm); probably 1624; European Paintings; Philip IV (1605–1665), King of Spain is a Unknown Painting by the Unknown artist Velázquez (Diego Rodríguez de Silva y Velázquez). This piece, part of the European Paintings collection, is crafted using Oil on canvas. Measuring 78 3/4 x 40 1/2 in. (200 x 102.9 cm), the work is classified as Paintings and was created in probably 1624."
435651,The Lamentation,Ambrosius Benson,CC0-1.0,Paintings,European Paintings,,"Painting; Unknown; Unknown; Oil on canvas, transferred from wood; Shaped top, 36 x 22 1/8 in. (91.4 x 56.2 cm); ca. 1520–25; European Paintings; The Lamentation is a Unknown Painting by the Unknown artist Ambrosius Benson. This piece, part of the European Paintings collection, is crafted using Oil on canvas, transferred from wood. Measuring Shaped top, 36 x 22 1/8 in. (91.4 x 56.2 cm), the work is classified as Paintings and was created in ca. 1520–25."
441230,A Female Martyr Saint,Carlo Francesco Nuvolone,CC0-1.0,Paintings,European Paintings,,"Painting; Unknown; Unknown; Oil on wood; 20 x 16 3/8 in. (50.8 x 41.6 cm); ca. 1650; European Paintings; A Female Martyr Saint is a Unknown Painting by the Unknown artist Carlo Francesco Nuvolone. This piece, part of the European Paintings collection, is crafted using Oil on wood. Measuring 20 x 16 3/8 in. (50.8 x 41.6 cm), the work is classified as Paintings and was created in ca. 1650."
437205,Portrait of a Young Woman,Netherlandish Painter,CC0-1.0,Paintings,European Paintings,,"Painting; Unknown; Unknown; Oil on wood; 10 1/2 x 8 1/4 in. (26.7 x 21 cm); Unknown; European Paintings; Portrait of a Young Woman is a Unknown Painting by the Unknown artist Netherlandish Painter. This piece, part of the European Paintings collection, is crafted using Oil on wood. Measuring 10 1/2 x 8 1/4 in. (26.7 x 21 cm), the work is classified as Paintings ."
436445,The Translation of the Holy House of Loreto,Saturnino Gatti,CC0-1.0,Paintings,European Paintings,,"Painting; Unknown; Unknown; Tempera and gold on wood; 33 1/4 x 21 5/8 in. (84.5 x 54.9 cm); ca. 1490; European Paintings; The Translation of the Holy House of Loreto is a Unknown Painting by the Unknown artist Saturnino Gatti. This piece, part of the European Paintings collection, is crafted using Tempera and gold on wood. Measuring 33 1/4 x 21 5/8 in. (84.5 x 54.9 cm), the work is classified as Paintings and was created in ca. 1490."
437350,Tamaris,Pierre Puvis de Chavannes,CC0-1.0,Paintings,European Paintings,,"Painting; Unknown; Unknown; Oil on canvas; 10 x 15 1/2 in. (25.4 x 39.4 cm); ca. 1886–87; European Paintings; Tamaris is a Unknown Painting by the Unknown artist Pierre Puvis de Chavannes. This piece, part of the European Paintings collection, is crafted using Oil on canvas. Measuring 10 x 15 1/2 in. (25.4 x 39.4 cm), the work is classified as Paintings and was created in ca. 1886–87."
436024,Woman in a Riding Habit (L'Amazone),Gustave Courbet,CC0-1.0,Paintings,European Paintings,,"Painting; Unknown; Unknown; Oil on canvas; 45 1/2 x 35 1/8 in. (115.6 x 89.2 cm); ca. 1855–59; European Paintings; Woman in a Riding Habit (L'Amazone) is a Unknown Painting by the Unknown artist Gustave Courbet. This piece, part of the European Paintings collection, is crafted using Oil on canvas. Measuring 45 1/2 x 35 1/8 in. (115.6 x 89.2 cm), the work is classified as Paintings and was created in ca. 1855–59."
436659,Derick Berck of Cologne,Hans Holbein the Younger,CC0-1.0,Paintings,European Paintings,,"Painting; Unknown; Unknown; Oil on canvas, transferred from wood; 21 x 16 3/4 in. (53.3 x 42.5 cm); 1536; European Paintings; Derick Berck of Cologne is a Unknown Painting by the Unknown artist Hans Holbein the Younger. This piece, part of the European Paintings collection, is crafted using Oil on canvas, transferred from wood. Measuring 21 x 16 3/4 in. (53.3 x 42.5 cm), the work is classified as Paintings and was created in 1536."
435760,The Man of Sorrows,Aelbert Bouts,CC0-1.0,Paintings,European Paintings,,"Painting; Unknown; Unknown; Oil on oak; Arched top, 17 1/2 x 11 1/4 in. (44.5 x 28.6 cm); ca. 1525; European Paintings; The Man of Sorrows is a Unknown Painting by the Unknown artist Aelbert Bouts. This piece, part of the European Paintings collection, is crafted using Oil on oak. Measuring Arched top, 17 1/2 x 11 1/4 in. (44.5 x 28.6 cm), the work is classified as Paintings and was created in ca. 1525."
437631,Night Scene on the Volga,Alexei Kondratievich Savrasov,CC0-1.0,Paintings,European Paintings,,"Painting; Unknown; Unknown; Oil on wood; 12 7/8 x 21 1/2 in. (32.7 x 54.6 cm); 1871; European Paintings; Night Scene on the Volga is a Unknown Painting by the Unknown artist Alexei Kondratievich Savrasov. This piece, part of the European Paintings collection, is crafted using Oil on wood. Measuring 12 7/8 x 21 1/2 in. (32.7 x 54.6 cm), the work is classified as Paintings and was created in 1871."
437757,Old Woman Praying,Matthias Stom,CC0-1.0,Paintings,European Paintings,,"Painting; Unknown; Unknown; Oil on canvas; 30 5/8 x 25 1/8 in. (77.8 x 63.8 cm); late 1630s or early 1640s; European Paintings; Old Woman Praying is a Unknown Painting by the Unknown artist Matthias Stom. This piece, part of the European Paintings collection, is crafted using Oil on canvas. Measuring 30 5/8 x 25 1/8 in. (77.8 x 63.8 cm), the work is classified as Paintings and was created in late 1630s or early 1640s."
437966,"Mrs. Walter Rathbone Bacon (Virginia Purdy Barker, 1862–1919)",Anders Zorn,CC0-1.0,Paintings,European Paintings,,"Painting; Unknown; Unknown; Oil on canvas; 67 1/4 x 42 1/2 in. (170.8 x 108 cm); 1897; European Paintings; Mrs. Walter Rathbone Bacon (Virginia Purdy Barker, 1862–1919) is a Unknown Painting by the Unknown artist Anders Zorn. This piece, part of the European Paintings collection, is crafted using Oil on canvas. Measuring 67 1/4 x 42 1/2 in. (170.8 x 108 cm), the work is classified as Paintings and was created in 1897."
436929,Abraham Dismissing Hagar and Ishmael,Nicolaes Maes,CC0-1.0,Paintings,European Paintings,,"Painting; Unknown; Unknown; Oil on canvas; 34 1/2 x 27 1/2 in. (87.6 x 69.9 cm); 1653; European Paintings; Abraham Dismissing Hagar and Ishmael is a Unknown Painting by the Unknown artist Nicolaes Maes. This piece, part of the European Paintings collection, is crafted using Oil on canvas. Measuring 34 1/2 x 27 1/2 in. (87.6 x 69.9 cm), the work is classified as Paintings and was created in 1653."
436263,A Man Mounting a Horse,Anthony van Dyck,CC0-1.0,Paintings,European Paintings,,"Painting, monochrome; Unknown; Unknown; Oil on wood; 10 x 8 3/4 in. (25.4 x 22.2 cm); ca. 1630; European Paintings; A Man Mounting a Horse is a Unknown Painting, monochrome by the Unknown artist Anthony van Dyck. This piece, part of the European Paintings collection, is crafted using Oil on wood. Measuring 10 x 8 3/4 in. (25.4 x 22.2 cm), the work is classified as Paintings and was created in ca. 1630."
769294,The Adoration of the Shepherds,Girolamo da Carpi (Girolamo Sellari),CC0-1.0,Paintings,European Paintings,,"Painting; Unknown; Unknown; Oil on wood; 12 3/8 × 16 1/8 in. (31.4 × 41 cm); ca. 1535–40; European Paintings; The Adoration of the Shepherds is a Unknown Painting by the Unknown artist Girolamo da Carpi (Girolamo Sellari). This piece, part of the European Paintings collection, is crafted using Oil on wood. Measuring 12 3/8 × 16 1/8 in. (31.4 × 41 cm), the work is classified as Paintings and was created in ca. 1535–40."
436472,Portrait of a Man in Profile,Italian Painter,CC0-1.0,Paintings,European Paintings,,"Painting; Unknown; Unknown; Oil on wood; 13 1/4 x 10 1/2 in. (33.7 x 26.7 cm); Unknown; European Paintings; Portrait of a Man in Profile is a Unknown Painting by the Unknown artist Italian Painter. This piece, part of the European Paintings collection, is crafted using Oil on wood. Measuring 13 1/4 x 10 1/2 in. (33.7 x 26.7 cm), the work is classified as Paintings ."
435725,Christ's Descent into Hell,Hieronymus Bosch,CC0-1.0,Paintings,European Paintings,,"Painting; Unknown; Unknown; Oil on wood; 21 x 46 in. (53.3 x 116.8 cm); Unknown; European Paintings; Christ's Descent into Hell is a Unknown Painting by the Unknown artist Hieronymus Bosch. This piece, part of the European Paintings collection, is crafted using Oil on wood. Measuring 21 x 46 in. (53.3 x 116.8 cm), the work is classified as Paintings ."
436179,"Madame Henri François Riesener (Félicité Longrois, 1786–1847)",Eugène Delacroix,CC0-1.0,Paintings,European Paintings,,"Painting; Unknown; Unknown; Oil on canvas; 29 1/4 x 23 3/4 in. (74.3 x 60.3 cm); 1835; European Paintings; Madame Henri François Riesener (Félicité Longrois, 1786–1847) is a Unknown Painting by the Unknown artist Eugène Delacroix. This piece, part of the European Paintings collection, is crafted using Oil on canvas. Measuring 29 1/4 x 23 3/4 in. (74.3 x 60.3 cm), the work is classified as Paintings and was created in 1835."
436976,"Still Life with Poppy, Insects, and Reptiles",Otto Marseus van Schrieck,CC0-1.0,Paintings,European Paintings,,"Painting; Unknown; Unknown; Oil on canvas; 26 7/8 x 20 3/4 in. (68.3 x 52.7 cm); ca. 1670; European Paintings; Still Life with Poppy, Insects, and Reptiles is a Unknown Painting by the Unknown artist Otto Marseus van Schrieck. This piece, part of the European Paintings collection, is crafted using Oil on canvas. Measuring 26 7/8 x 20 3/4 in. (68.3 x 52.7 cm), the work is classified as Paintings and was created in ca. 1670."
436015,Louis Gueymard (1822–1880) as Robert le Diable,Gustave Courbet,CC0-1.0,Paintings,European Paintings,,"Painting; Unknown; Unknown; Oil on canvas; 58 1/2 x 42 in. (148.6 x 106.7 cm); 1857; European Paintings; Louis Gueymard (1822–1880) as Robert le Diable is a Unknown Painting by the Unknown artist Gustave Courbet. This piece, part of the European Paintings collection, is crafted using Oil on canvas. Measuring 58 1/2 x 42 in. (148.6 x 106.7 cm), the work is classified as Paintings and was created in 1857."
435617,Saint Thomas Aquinas Aided by Saints Peter and Paul,Bartolomeo degli Erri,CC0-1.0,Paintings,European Paintings,,"Painting; Unknown; Unknown; Tempera on wood; 17 x 12 in. (43.2 x 30.5 cm); Unknown; European Paintings; Saint Thomas Aquinas Aided by Saints Peter and Paul is a Unknown Painting by the Unknown artist Bartolomeo degli Erri. This piece, part of the European Paintings collection, is crafted using Tempera on wood. Measuring 17 x 12 in. (43.2 x 30.5 cm), the work is classified as Paintings ."
436483,Pygmalion and Galatea,Jean-Léon Gérôme,CC0-1.0,Paintings,European Paintings,,"Painting; Unknown; Unknown; Oil on canvas; 35 x 27 in. (88.9 x 68.6 cm); ca. 1890; European Paintings; Pygmalion and Galatea is a Unknown Painting by the Unknown artist Jean-Léon Gérôme. This piece, part of the European Paintings collection, is crafted using Oil on canvas. Measuring 35 x 27 in. (88.9 x 68.6 cm), the work is classified as Paintings and was created in ca. 1890."
437957,Saint Lucy,Francesco Zaganelli (Francesco di Bosio),CC0-1.0,Paintings,European Paintings,,"Painting; Unknown; Unknown; Tempera and gold on wood; 12 3/8 x 7 3/4 in. (31.4 x 19.7 cm); Unknown; European Paintings; Saint Lucy is a Unknown Painting by the Unknown artist Francesco Zaganelli (Francesco di Bosio). This piece, part of the European Paintings collection, is crafted using Tempera and gold on wood. Measuring 12 3/8 x 7 3/4 in. (31.4 x 19.7 cm), the work is classified as Paintings ."
436432,Queen Charlotte,Thomas Gainsborough,CC0-1.0,Paintings,European Paintings,,"Painting; Unknown; Unknown; Oil on canvas; 23 3/4 x 17 1/2 in. (60.3 x 44.5 cm); Unknown; European Paintings; Queen Charlotte is a Unknown Painting by the Unknown artist Thomas Gainsborough. This piece, part of the European Paintings collection, is crafted using Oil on canvas. Measuring 23 3/4 x 17 1/2 in. (60.3 x 44.5 cm), the work is classified as Paintings ."
436904,The Letter,Pietro Longhi (Pietro Falca),CC0-1.0,Paintings,European Paintings,,"Painting; Unknown; Unknown; Oil on canvas; 24 x 19 1/2 in. (61 x 49.5 cm); 1746; European Paintings; The Letter is a Unknown Painting by the Unknown artist Pietro Longhi (Pietro Falca). This piece, part of the European Paintings collection, is crafted using Oil on canvas. Measuring 24 x 19 1/2 in. (61 x 49.5 cm), the work is classified as Paintings and was created in 1746."
437598,Portrait of a Man,Francesco Salviati (Francesco de' Rossi),CC0-1.0,Paintings,European Paintings,,"Painting; Unknown; Unknown; Oil on canvas; 48 1/4 x 36 3/4 in. (122.6 x 93.4 cm); Unknown; European Paintings; Portrait of a Man is a Unknown Painting by the Unknown artist Francesco Salviati (Francesco de' Rossi). This piece, part of the European Paintings collection, is crafted using Oil on canvas. Measuring 48 1/4 x 36 3/4 in. (122.6 x 93.4 cm), the work is classified as Paintings ."
437386,"Portrait of a Man, probably a Member of the Van Beresteyn Family",Rembrandt (Rembrandt van Rijn),CC0-1.0,Paintings,European Paintings,,"Painting; Unknown; Unknown; Oil on canvas; 44 x 35 in. (111.8 x 88.9 cm); 1632; European Paintings; Portrait of a Man, probably a Member of the Van Beresteyn Family is a Unknown Painting by the Unknown artist Rembrandt (Rembrandt van Rijn). This piece, part of the European Paintings collection, is crafted using Oil on canvas. Measuring 44 x 35 in. (111.8 x 88.9 cm), the work is classified as Paintings and was created in 1632."
436821,Girl Building a House of Cards,Thomas Frye,CC0-1.0,Paintings,European Paintings,,"Painting; Unknown; Unknown; Oil on canvas; 30 1/8 x 25 1/4 in. (76.5 x 64.1 cm); mid-18th century; European Paintings; Girl Building a House of Cards is a Unknown Painting by the Unknown artist Thomas Frye. This piece, part of the European Paintings collection, is crafted using Oil on canvas. Measuring 30 1/8 x 25 1/4 in. (76.5 x 64.1 cm), the work is classified as Paintings and was created in mid-18th century."
437416,Man in Armor (Mars?),Rembrandt,CC0-1.0,Paintings,European Paintings,,"Painting; Unknown; Unknown; Oil on canvas; 40 1/8 x 35 5/8 in. (101.9 x 90.5 cm); Unknown; European Paintings; Man in Armor (Mars?) is a Unknown Painting by the Unknown artist Rembrandt. This piece, part of the European Paintings collection, is crafted using Oil on canvas. Measuring 40 1/8 x 35 5/8 in. (101.9 x 90.5 cm), the work is classified as Paintings ."
436770,Holy Family,Jacopino del Conte,CC0-1.0,Paintings,European Paintings,,"Painting; Unknown; Unknown; Oil on wood; 47 1/2 x 33 3/4 in. (120.7 x 85.7 cm); Unknown; European Paintings; Holy Family is a Unknown Painting by the Unknown artist Jacopino del Conte. This piece, part of the European Paintings collection, is crafted using Oil on wood. Measuring 47 1/2 x 33 3/4 in. (120.7 x 85.7 cm), the work is classified as Paintings ."
437823,"Filippo Archinto (born about 1500, died 1558), Archbishop of Milan",Titian (Tiziano Vecellio),CC0-1.0,Paintings,European Paintings,,"Painting; Unknown; Unknown; Oil on canvas; 46 1/2 x 37 in. (118.1 x 94 cm); mid-1550s; European Paintings; Filippo Archinto (born about 1500, died 1558), Archbishop of Milan is a Unknown Painting by the Unknown artist Titian (Tiziano Vecellio). This piece, part of the European Paintings collection, is crafted using Oil on canvas. Measuring 46 1/2 x 37 in. (118.1 x 94 cm), the work is classified as Paintings and was created in mid-1550s."
435755,The Baptism of Christ,Sébastien Bourdon,CC0-1.0,Paintings,European Paintings,,"Painting; Unknown; Unknown; Oil on canvas; Overall 59 3/4 x 46 1/2 in. (151.8 x 118.1 cm); painted surface (oval) 59 1/8 x 45 1/2 in. (150.2 x 115.6 cm); ca. 1650; European Paintings; The Baptism of Christ is a Unknown Painting by the Unknown artist Sébastien Bourdon. This piece, part of the European Paintings collection, is crafted using Oil on canvas. Measuring Overall 59 3/4 x 46 1/2 in. (151.8 x 118.1 cm); painted surface (oval) 59 1/8 x 45 1/2 in. (150.2 x 115.6 cm), the work is classified as Paintings and was created in ca. 1650."
437868,"Don Gaspar de Guzmán (1587–1645), Count-Duke of Olivares",Juan Bautista Martínez del Mazo,CC0-1.0,Paintings,European Paintings,,"Painting; Unknown; Unknown; Oil on canvas; 50 1/4 x 41 in. (127.6 x 104.1 cm); ca. 1636 or later; European Paintings; Don Gaspar de Guzmán (1587–1645), Count-Duke of Olivares is a Unknown Painting by the Unknown artist Juan Bautista Martínez del Mazo. This piece, part of the European Paintings collection, is crafted using Oil on canvas. Measuring 50 1/4 x 41 in. (127.6 x 104.1 cm), the work is classified as Paintings and was created in ca. 1636 or later."
436332,Saint Roch,Francesco Francia,CC0-1.0,Paintings,European Paintings,,"Painting, altarpiece; Unknown; Unknown; Tempera on wood; 85 1/4 x 59 3/8 in. (216.5 x 150.8 cm); 1502; European Paintings; Saint Roch is a Unknown Painting, altarpiece by the Unknown artist Francesco Francia. This piece, part of the European Paintings collection, is crafted using Tempera on wood. Measuring 85 1/4 x 59 3/8 in. (216.5 x 150.8 cm), the work is classified as Paintings and was created in 1502."
437005,The Burial of Saint Wenceslas,Master of Eggenburg,CC0-1.0,Paintings,European Paintings,,"Painting, part of an altarpiece; Unknown; Unknown; Oil and gold on spruce; Painted surface, including black border, 27 1/8 x 17 in. (68.9 x 43.2 cm); ca. 1490–1500; European Paintings; The Burial of Saint Wenceslas is a Unknown Painting, part of an altarpiece by the Unknown artist Master of Eggenburg. This piece, part of the European Paintings collection, is crafted using Oil and gold on spruce. Measuring Painted surface, including black border, 27 1/8 x 17 in. (68.9 x 43.2 cm), the work is classified as Paintings and was created in ca. 1490–1500."
437554,The Annunciation,Russian Painter,CC0-1.0,Paintings,European Paintings,,"Painting, icon; Unknown; Unknown; Tempera on wood; 13 x 10 3/8 in. (33 x 26.4 cm); Unknown; European Paintings; The Annunciation is a Unknown Painting, icon by the Unknown artist Russian Painter. This piece, part of the European Paintings collection, is crafted using Tempera on wood. Measuring 13 x 10 3/8 in. (33 x 26.4 cm), the work is classified as Paintings ."
435951,Portrait of a Man,Corneille de Lyon,CC0-1.0,Paintings,European Paintings,,"Painting; Unknown; Unknown; Oil on wood; 6 7/8 x 6 1/8 in. (17.5 x 15.6 cm); ca. 1540–50; European Paintings; Portrait of a Man is a Unknown Painting by the Unknown artist Corneille de Lyon. This piece, part of the European Paintings collection, is crafted using Oil on wood. Measuring 6 7/8 x 6 1/8 in. (17.5 x 15.6 cm), the work is classified as Paintings and was created in ca. 1540–50."
437600,Portrait of a Woman,Rolán de Moys,CC0-1.0,Paintings,European Paintings,,"Painting; Unknown; Unknown; Oil on canvas; 38 3/4 x 28 3/8 in. (98.4 x 72.1 cm); Unknown; European Paintings; Portrait of a Woman is a Unknown Painting by the Unknown artist Rolán de Moys. This piece, part of the European Paintings collection, is crafted using Oil on canvas. Measuring 38 3/4 x 28 3/8 in. (98.4 x 72.1 cm), the work is classified as Paintings ."
436879,"Auction Sale in Clinton Hall, New York, 1876",Ignacio de León y Escosura,CC0-1.0,Paintings,European Paintings,,"Painting; Unknown; Unknown; Oil on canvas; 22 3/8 x 31 5/8 in. (56.8 x 80.3 cm); 1876; European Paintings; Auction Sale in Clinton Hall, New York, 1876 is a Unknown Painting by the Unknown artist Ignacio de León y Escosura. This piece, part of the European Paintings collection, is crafted using Oil on canvas. Measuring 22 3/8 x 31 5/8 in. (56.8 x 80.3 cm), the work is classified as Paintings and was created in 1876."
435672,Angelica and Medoro,Jacques Blanchard,CC0-1.0,Paintings,European Paintings,,"Painting; Unknown; Unknown; Oil on canvas; With added strip at top 47 7/8 x 69 1/4 in. (121.6 x 175.9 cm); possibly early 1630s; European Paintings; Angelica and Medoro is a Unknown Painting by the Unknown artist Jacques Blanchard. This piece, part of the European Paintings collection, is crafted using Oil on canvas. Measuring With added strip at top 47 7/8 x 69 1/4 in. (121.6 x 175.9 cm), the work is classified as Paintings and was created in possibly early 1630s."
436266,Isaac Blessing Jacob,Gerbrand van den Eeckhout,CC0-1.0,Paintings,European Paintings,,"Painting; Unknown; Unknown; Oil on canvas; 39 5/8 x 50 1/2 in. (100.6 x 128.3 cm); 1642; European Paintings; Isaac Blessing Jacob is a Unknown Painting by the Unknown artist Gerbrand van den Eeckhout. This piece, part of the European Paintings collection, is crafted using Oil on canvas. Measuring 39 5/8 x 50 1/2 in. (100.6 x 128.3 cm), the work is classified as Paintings and was created in 1642."
437784,Alexander the Great Rescued from the River Cydnus,Pietro Testa,CC0-1.0,Paintings,European Paintings,,"Painting; Unknown; Unknown; Oil on canvas; 38 x 54 in. (96.5 x 137.2 cm); ca. 1650; European Paintings; Alexander the Great Rescued from the River Cydnus is a Unknown Painting by the Unknown artist Pietro Testa. This piece, part of the European Paintings collection, is crafted using Oil on canvas. Measuring 38 x 54 in. (96.5 x 137.2 cm), the work is classified as Paintings and was created in ca. 1650."
437799,Allegorical Figure Representing Grammar,Girolamo Mengozzi (called Colonna)|Giovanni Battista Tiepolo,CC0-1.0,Paintings,European Paintings,,"Painting, monochrome; Unknown; Unknown; Fresco, transferred to canvas; 146 x 57 7/8 in. (370.8 x 147 cm); 1760; European Paintings; Allegorical Figure Representing Grammar is a Unknown Painting, monochrome by the Unknown artist Girolamo Mengozzi (called Colonna)|Giovanni Battista Tiepolo. This piece, part of the European Paintings collection, is crafted using Fresco, transferred to canvas. Measuring 146 x 57 7/8 in. (370.8 x 147 cm), the work is classified as Paintings and was created in 1760."
436877,Prince Regent Luitpold of Bavaria (1821–1912),Franz von Lenbach,CC0-1.0,Paintings,European Paintings,,"Painting; Unknown; Unknown; Oil on board; 30 x 24 1/4 in. (76.2 x 61.5 cm); 1902; European Paintings; Prince Regent Luitpold of Bavaria (1821–1912) is a Unknown Painting by the Unknown artist Franz von Lenbach. This piece, part of the European Paintings collection, is crafted using Oil on board. Measuring 30 x 24 1/4 in. (76.2 x 61.5 cm), the work is classified as Paintings and was created in 1902."
435880,Rocks at Fontainebleau,Paul Cézanne,CC0-1.0,Paintings,European Paintings,,"Painting; Unknown; Unknown; Oil on canvas; 28 7/8 x 36 3/8 in. (73.3 x 92.4 cm); 1890s; European Paintings; Rocks at Fontainebleau is a Unknown Painting by the Unknown artist Paul Cézanne. This piece, part of the European Paintings collection, is crafted using Oil on canvas. Measuring 28 7/8 x 36 3/8 in. (73.3 x 92.4 cm), the work is classified as Paintings and was created in 1890s."
436323,Marie Emilie Coignet de Courson (1716–1806) with a Dog,Jean Honoré Fragonard,CC0-1.0,Paintings,European Paintings,,"Painting; Unknown; Unknown; Oil on canvas; 32 x 25 3/4 in. (81.3 x 65.4 cm); ca. 1769; European Paintings; Marie Emilie Coignet de Courson (1716–1806) with a Dog is a Unknown Painting by the Unknown artist Jean Honoré Fragonard. This piece, part of the European Paintings collection, is crafted using Oil on canvas. Measuring 32 x 25 3/4 in. (81.3 x 65.4 cm), the work is classified as Paintings and was created in ca. 1769."
436826,"Winter Landscape, Holland",Barend Cornelis Koekkoek,CC0-1.0,Paintings,European Paintings,,"Painting; Unknown; Unknown; Oil on wood; 14 x 17 in. (35.6 x 43.2 cm); 1833; European Paintings; Winter Landscape, Holland is a Unknown Painting by the Unknown artist Barend Cornelis Koekkoek. This piece, part of the European Paintings collection, is crafted using Oil on wood. Measuring 14 x 17 in. (35.6 x 43.2 cm), the work is classified as Paintings and was created in 1833."
436560,River View with a Village Church,Jan van Goyen,CC0-1.0,Paintings,European Paintings,,"Painting; Unknown; Unknown; Oil on canvas; 25 1/2 x 38 1/2 in. (64.8 x 97.8 cm); Unknown; European Paintings; River View with a Village Church is a Unknown Painting by the Unknown artist Jan van Goyen. This piece, part of the European Paintings collection, is crafted using Oil on canvas. Measuring 25 1/2 x 38 1/2 in. (64.8 x 97.8 cm), the work is classified as Paintings ."
458973,Saint Catherine of Siena Beseeching Christ to Resuscitate Her Mother,Giovanni di Paolo (Giovanni di Paolo di Grazia),CC0-1.0,Paintings,Robert Lehman Collection,,"Painting; Unknown; Unknown; Tempera and gold on wood; Overall: 11 in. × 8 5/8 in. (27.9 × 21.9 cm); ca. 1447–65; Robert Lehman Collection; Saint Catherine of Siena Beseeching Christ to Resuscitate Her Mother is a Unknown Painting by the Unknown artist Giovanni di Paolo (Giovanni di Paolo di Grazia). This piece, part of the Robert Lehman Collection collection, is crafted using Tempera and gold on wood. Measuring Overall: 11 in. × 8 5/8 in. (27.9 × 21.9 cm), the work is classified as Paintings and was created in ca. 1447–65."
459002,The Vision of Saint Catherine of Alexandria,Master of the Orcagnesque Misericordia,CC0-1.0,Paintings,Robert Lehman Collection,,"Painting; Italian, Florence; Unknown; Tempera on wood, gold ground; Overall: 8 1/4 × 13 1/2 in. (21 × 34.3 cm); second half 14th century; Robert Lehman Collection; The Vision of Saint Catherine of Alexandria is a Unknown Painting by the Italian, Florence artist Master of the Orcagnesque Misericordia. This piece, part of the Robert Lehman Collection collection, is crafted using Tempera on wood, gold ground. Measuring Overall: 8 1/4 × 13 1/2 in. (21 × 34.3 cm), the work is classified as Paintings and was created in second half 14th century."
459100,Tahitian Women Bathing,Paul Gauguin,CC0-1.0,Paintings,Robert Lehman Collection,,"Painting; Unknown; Unknown; Oil on paper, laid down on canvas; 43 3/4 x 35 1/8 in; 1892; Robert Lehman Collection; Tahitian Women Bathing is a Unknown Painting by the Unknown artist Paul Gauguin. This piece, part of the Robert Lehman Collection collection, is crafted using Oil on paper, laid down on canvas. Measuring 43 3/4 x 35 1/8 in, the work is classified as Paintings and was created in 1892."
458984,The Birth and Naming of Saint John the Baptist,Sano di Pietro (Ansano di Pietro di Mencio),CC0-1.0,Paintings,Robert Lehman Collection,,"Predella panel; Unknown; Unknown; Tempera and gold on wood; Overall, with engaged (modern) frame: 9 5/8 × 18 7/8 in. (24.4 × 47.9 cm)
painted surface: 8 1/8 × 16 7/8 in. (20.6 × 42.9 cm); 1450–60; Robert Lehman Collection; The Birth and Naming of Saint John the Baptist is a Unknown Predella panel by the Unknown artist Sano di Pietro (Ansano di Pietro di Mencio). This piece, part of the Robert Lehman Collection collection, is crafted using Tempera and gold on wood. Measuring Overall, with engaged (modern) frame: 9 5/8 × 18 7/8 in. (24.4 × 47.9 cm)
painted surface: 8 1/8 × 16 7/8 in. (20.6 × 42.9 cm), the work is classified as Paintings and was created in 1450–60."
459024,"The Madonna of Humility, the Annunciation, the Nativity, and the Pietà",Bartolomeo Vivarini,CC0-1.0,Paintings,Robert Lehman Collection,,"Painting; Unknown; Unknown; Tempera and gold on wood; Central panel, overall 23 x 18 in. (58.4 x 45.7 cm); left panel, overall 22 3/8 x 9 1/2 in. (56.8 x 24.1 cm); right panel, overall 22 1/4 x 9 3/8 in. (56.5 x 23.8 cm);; ca. 1465; Robert Lehman Collection; The Madonna of Humility, the Annunciation, the Nativity, and the Pietà is a Unknown Painting by the Unknown artist Bartolomeo Vivarini. This piece, part of the Robert Lehman Collection collection, is crafted using Tempera and gold on wood. Measuring Central panel, overall 23 x 18 in. (58.4 x 45.7 cm); left panel, overall 22 3/8 x 9 1/2 in. (56.8 x 24.1 cm); right panel, overall 22 1/4 x 9 3/8 in. (56.5 x 23.8 cm);, the work is classified as Paintings and was created in ca. 1465."
